dit,rfc,lcom,ca,npm,lcom3,loc,dam,cbm,bug,Voting_Prediction,Voting_Pred_Prob,RandomForest_Prediction,RandomForest_Pred_Prob,AdaBoost_Prediction,AdaBoost_Pred_Prob,selectedEnsemble,PredictedEnsemble,DSE_Prediction,DSE_Pred_Prob
2,60,90,1,38,0.838141026,786,0.9375,6,True,True,0.9785192459517998,True,1.0,True,0.8487235504506939,RandomForest,RandomForest,True,1.0
1,36,164,31,18,0.842105263,141,1.0,0,False,False,0.4814163119255413,False,0.3,False,0.4306142227484874,RandomForest,RandomForest,False,0.3445701165529993
1,52,86,4,16,0.673913043,451,0.833333333,0,True,True,0.6107332559554969,True,0.7,True,0.5523461095720381,RandomForest,RandomForest,True,0.6925835849892157
2,28,72,1,14,0.933333333,254,0.333333333,6,True,True,0.8999114160031301,True,1.0,True,0.5434597630338052,RandomForest,RandomForest,True,1.0
2,20,4,2,7,0.8,148,0.6,2,True,True,0.6965430560485136,True,0.8,True,0.6138668021137931,RandomForest,RandomForest,True,0.7970218688338206
2,21,49,2,9,0.85,106,0.5,6,True,True,0.8689465315456656,True,1.0,True,0.9509788327954958,RandomForest,RandomForest,True,1.0
3,4,1,5,3,2.0,24,0.0,0,False,False,0.1830524584192683,False,0.0,False,0.423521276464113,RandomForest,RandomForest,False,0.0003661049168385366
2,59,20,2,4,0.8214285709999999,267,1.0,1,False,True,0.7277076573265849,False,0.3,True,0.5385494278937588,RandomForest,RandomForest,False,0.31121918148741307
1,24,6,2,11,0.787878788,156,0.0,0,True,True,0.5433977140906073,True,0.9,True,0.5809018998015962,RandomForest,RandomForest,True,0.8147362687478246
2,37,0,7,6,0.35714285700000004,278,1.0,1,True,False,0.27329004608014856,False,0.2,False,0.42405391444712776,RandomForest,RandomForest,False,0.20251696422396515
1,30,88,1,14,0.683333333,250,0.0,0,True,False,0.2319630159539761,False,0.1,False,0.1544759130625412,RandomForest,RandomForest,False,0.10426132946491701
2,51,89,3,22,0.721088435,417,0.857142857,2,True,True,0.8698747922015281,True,0.9,True,0.6652079117315479,RandomForest,RandomForest,True,0.9
2,40,258,4,23,0.7583333329999999,390,0.8,6,True,True,0.9372276769067808,True,1.0,True,0.9727211296680444,RandomForest,RandomForest,True,1.0
2,85,611,1,60,0.953972257,1390,0.5,6,True,True,0.9905430683905706,True,0.9,True,0.5791362510623899,RandomForest,RandomForest,True,0.9005432584103434
2,32,79,4,13,0.7857142859999999,251,0.666666667,6,True,True,0.8946757002152533,True,0.9,True,0.9645124894797305,RandomForest,RandomForest,True,0.9
2,37,0,1,18,0.684210526,321,0.833333333,6,True,True,0.91833273547577,True,1.0,True,0.9125745621233016,RandomForest,RandomForest,True,1.0
1,0,0,0,0,2.0,4,0.0,0,False,False,0.06527123646157124,False,0.0,False,0.11568658544572835,RandomForest,RandomForest,False,0.0013032490213493724
2,20,0,2,10,0.0,53,1.0,2,True,False,0.2506938996692772,False,0.2,False,0.3205159327888744,RandomForest,RandomForest,False,0.2
2,22,54,2,10,0.818181818,117,0.5,6,True,True,0.8748377793432008,True,1.0,True,0.9571638461071204,RandomForest,RandomForest,True,1.0
1,244,0,6,79,0.925951087,1441,0.4375,0,True,True,0.9984670484988474,True,0.6,True,0.7774766417924911,RandomForest,RandomForest,True,0.6905023769384262
1,1,0,6,1,2.0,1,0.0,0,False,False,0.06601942376149686,False,0.0,False,0.06667691433034059,RandomForest,RandomForest,False,0.0
3,126,130,3,10,1.047117794,1170,0.019047619,7,True,True,0.9974010339694792,True,0.6,True,0.7226083737462612,RandomForest,RandomForest,True,0.6020800376308629
1,183,89,4,45,0.878216123,1831,0.727272727,0,True,True,0.988040283315626,True,0.8,True,0.9193223085300252,RandomForest,RandomForest,True,0.8188465901806944
2,52,479,2,35,0.8986486490000001,536,0.9375,6,True,True,0.9560018197963897,True,1.0,True,0.8737381107476824,RandomForest,RandomForest,True,0.9980563408296531
2,42,209,3,24,0.846153846,372,0.9,6,True,True,0.9353231460382824,True,1.0,True,0.8851987688575803,RandomForest,RandomForest,True,1.0
2,19,0,2,6,0.8214285709999999,324,1.0,2,False,False,0.30043455006227865,False,0.3,True,0.5629405927257207,RandomForest,RandomForest,False,0.30368203739828464
1,4,6,4,4,2.0,4,0.0,0,False,False,0.07294887511728647,False,0.0,False,0.04456716528729357,RandomForest,RandomForest,False,0.0011428657101708215
2,22,46,4,10,0.818181818,127,0.5,6,True,True,0.8738393915148505,True,1.0,True,0.8987147304907368,RandomForest,RandomForest,True,1.0
2,11,6,4,4,2.0,61,0.0,0,True,False,0.1336971902800181,False,0.2,False,0.40369707408270494,RandomForest,RandomForest,False,0.19986739438056003
2,61,312,1,42,0.860465116,933,0.944444444,6,True,True,0.9761961370205836,True,0.9,True,0.6147392050123361,RandomForest,RandomForest,True,0.9
1,13,0,2,4,0.5,107,1.0,0,False,False,0.11141012565667832,False,0.1,False,0.3448652427784299,RandomForest,RandomForest,False,0.10440757437001175
2,22,54,2,10,0.818181818,117,0.5,6,True,True,0.8748377793432008,True,1.0,True,0.9571638461071204,RandomForest,RandomForest,True,1.0
2,38,21,2,18,0.685185185,284,0.833333333,2,True,False,0.4589796173317621,True,0.7,True,0.5472777694221987,RandomForest,RandomForest,True,0.6971077554079811
2,25,43,2,9,0.8,182,0.0,6,True,True,0.8562794216305069,True,1.0,True,0.8848242178032208,RandomForest,RandomForest,True,0.9990785937424258
1,23,105,155,12,2.0,84,0.0,0,True,False,0.06026774876114189,False,0.3,False,0.4484342680509259,RandomForest,RandomForest,False,0.2797258441026362
2,27,46,1,11,0.7777777779999999,201,0.333333333,6,True,True,0.8903017459105227,True,1.0,True,0.9146664193561008,RandomForest,RandomForest,True,1.0
1,24,53,1,6,1.033333333,241,1.0,0,False,False,0.4405201551906404,True,0.6,True,0.5428645945284132,Voting,RandomForest,True,0.585849837195405
2,22,46,2,10,0.818181818,128,0.5,6,True,True,0.875257199359134,True,1.0,True,0.9696764165098056,RandomForest,RandomForest,True,1.0
1,13,42,15,12,0.818181818,62,0.0,0,False,False,0.18090677134265234,False,0.5,False,0.3482351774033241,RandomForest,RandomForest,False,0.4912832797660902
1,44,0,5,20,0.976666667,153,0.133333333,0,True,True,0.6595176238010636,False,0.5,False,0.484705416666516,Voting,Voting,True,0.601313406485074
1,4,6,6,4,2.0,4,0.0,0,False,False,0.07050534387007891,False,0.0,False,0.1276292668625725,RandomForest,RandomForest,False,0.0
1,25,7,2,4,0.75,230,1.0,0,True,False,0.10579716553062142,False,0.4,False,0.370793940520326,RandomForest,RandomForest,False,0.3906936216642586
3,2,0,3,1,2.0,13,0.0,0,False,False,0.16570742716180473,False,0.0,False,0.15269134668709766,RandomForest,RandomForest,False,0.0
1,18,0,1,4,0.222222222,129,1.0,1,False,False,0.1323330075739912,False,0.2,False,0.3168673216802949,RandomForest,RandomForest,False,0.20350601965040885
2,24,46,1,10,0.818181818,141,0.5,6,True,True,0.8728967464577898,True,1.0,True,0.9664546652633992,RandomForest,RandomForest,True,1.0
2,13,36,2,9,1.125,62,0.0,0,True,True,0.592316375310033,True,1.0,True,0.8854882678327848,RandomForest,RandomForest,True,1.0
2,23,6,3,12,0.672727273,154,0.0,1,True,True,0.6977353650234773,True,0.6,True,0.6867507988616315,RandomForest,RandomForest,True,0.6001735015977233
2,20,0,0,4,0.5,138,1.0,1,False,False,0.22400887744343154,False,0.0,False,0.26066046114432123,RandomForest,RandomForest,False,0.003127925533731855
2,33,43,1,15,0.833333333,258,0.666666667,5,False,True,0.5503082504469093,False,0.2,False,0.15376490836202572,RandomForest,RandomForest,False,0.2
1,27,15,1,5,2.0,264,0.0,0,False,False,0.4378883926205266,False,0.5,True,0.5019977140833686,RandomForest,RandomForest,False,0.4987617632805773
1,30,0,4,4,0.333333333,212,0.0,0,False,True,0.5685500552910164,True,0.6,True,0.5001690706573064,RandomForest,RandomForest,True,0.5931485969152789
3,8,10,1,4,1.25,26,0.0,2,True,True,0.7124513346116869,True,1.0,True,0.917316898478389,RandomForest,RandomForest,True,1.0
1,30,88,1,14,0.683333333,250,0.0,0,False,True,0.5920291874888548,True,1.0,True,0.8923061911807066,RandomForest,RandomForest,True,0.9964752370367401
3,181,0,0,85,0.5,2890,0.5,20,True,True,0.9999993155917798,True,0.9,True,0.5733272681448041,RandomForest,RandomForest,True,0.9
1,12,3,11,10,0.333333333,69,1.0,0,False,False,0.4554313195114136,False,0.2,False,0.42450726968126495,RandomForest,RandomForest,False,0.2033904941741789
2,28,111,2,16,0.776470588,231,0.8,6,True,True,0.8891215293180158,True,0.9,True,0.9335595382515338,RandomForest,RandomForest,True,0.9
1,17,78,2,16,0.533333333,172,1.0,0,False,False,0.1462550807310188,False,0.2,False,0.3855653693740313,RandomForest,RandomForest,False,0.20549796507354753
2,26,57,3,12,0.7692307690000001,195,0.666666667,6,True,True,0.8761216505950863,True,1.0,True,0.9743101799505772,RandomForest,RandomForest,True,1.0
2,41,258,7,23,0.7583333329999999,389,0.8,6,True,True,0.9449431644442504,True,1.0,True,0.9131432939032582,RandomForest,RandomForest,True,1.0
1,26,4,3,2,0.833333333,193,1.0,0,True,False,0.09605142307847936,False,0.3,False,0.28875293096047866,RandomForest,RandomForest,False,0.29651488405688553
2,41,4,1,8,0.875,302,0.5,5,True,True,0.5446393931044283,True,0.7,True,0.68679556816218,RandomForest,RandomForest,True,0.7
1,4,0,1,2,0.0,14,0.0,0,False,False,0.20220774374325745,False,0.0,False,0.4526962016299961,RandomForest,RandomForest,False,0.005570613919622289
2,16,55,2,11,1.1,96,0.333333333,0,True,True,0.6022031963242248,True,1.0,True,0.7914442684932131,RandomForest,RandomForest,True,1.0
1,28,15,5,3,2.0,191,0.0,0,True,False,0.4315376926779835,True,0.6,True,0.5119585164131956,RandomForest,RandomForest,True,0.594578723526289
2,34,87,3,12,0.8714285709999999,230,0.8,5,True,True,0.843056530147042,True,1.0,True,0.7150998064768493,RandomForest,RandomForest,True,1.0
2,41,66,4,15,0.85,319,0.4,6,True,True,0.9316951396231946,True,1.0,True,0.8452861826592202,RandomForest,RandomForest,True,1.0
2,8,21,1,7,1.166666667,32,0.5,2,True,False,0.2876823911860666,True,1.0,True,0.6659918552323054,RandomForest,RandomForest,True,1.0
2,44,106,4,15,0.760416667,483,0.5,6,True,True,0.9415381338760352,True,1.0,True,0.7952161165154208,RandomForest,RandomForest,True,1.0
2,19,5,2,8,0.740740741,223,1.0,2,False,True,0.6213938111092322,False,0.5,True,0.5031339210122162,RandomForest,RandomForest,False,0.5
1,20,1,1,2,2.0,175,0.0,0,False,False,0.08590769240464413,False,0.2,False,0.2949092650570461,RandomForest,RandomForest,False,0.20550473737330868
2,22,46,2,10,0.818181818,128,0.0,6,True,True,0.8509881482434151,True,0.9,True,0.9534774541510372,RandomForest,RandomForest,True,0.9
1,0,0,2,0,2.0,10,0.0,0,False,False,0.05726012039027844,False,0.0,False,0.05124572411089425,RandomForest,RandomForest,False,0.0
3,17,0,2,6,0.8888888890000001,120,0.333333333,5,True,True,0.5717855989259196,True,0.9,True,0.6030052518880215,RandomForest,RandomForest,True,0.9
1,43,28,0,6,0.6875,416,1.0,0,True,False,0.4909934375009664,True,0.8,False,0.4982130237439399,RandomForest,RandomForest,True,0.7870506027200125
1,22,0,1,5,0.166666667,88,1.0,0,True,False,0.1251677818132452,False,0.3,False,0.3496424580683892,RandomForest,RandomForest,False,0.3002978547484103
2,14,9,5,5,0.5,48,1.0,0,False,False,0.1814884363856349,False,0.3,False,0.3861329400859869,RandomForest,RandomForest,False,0.3
1,78,0,2,38,0.923684211,234,0.0,0,False,True,0.9718306660167364,True,0.8,True,0.6205549496690376,RandomForest,RandomForest,True,0.7872713300219198
1,36,1,2,2,2.0,137,0.0,0,False,False,0.10640220803136556,False,0.3,False,0.4429051643653443,RandomForest,RandomForest,False,0.3048404301515326
2,18,54,4,8,0.924242424,222,1.0,2,False,True,0.5952220223517901,False,0.5,False,0.4381295859102976,RandomForest,RandomForest,False,0.4997525183436412
2,55,281,0,31,0.940909091,567,0.545454545,5,False,True,0.6394341676279016,True,0.7,True,0.5069519007916137,RandomForest,RandomForest,True,0.7
1,0,0,1,0,2.0,5,0.0,0,False,False,0.057531380279030125,False,0.0,False,0.03429764933276388,RandomForest,RandomForest,False,8.629707041854519e-05
2,22,66,2,11,0.805555556,140,0.666666667,6,True,True,0.8616080808362151,True,1.0,True,0.9490845550800454,RandomForest,RandomForest,True,1.0
2,26,69,4,12,0.7435897440000001,188,0.666666667,6,True,True,0.8740221170378302,True,1.0,True,0.9634571577441099,RandomForest,RandomForest,True,1.0
2,32,74,5,13,0.75,224,0.75,6,True,True,0.8839164306387044,True,1.0,True,0.9000336271189809,RandomForest,RandomForest,True,1.0
1,22,0,1,0,0.333333333,163,1.0,0,False,False,0.4435893919822256,False,0.4,False,0.2656863114040037,RandomForest,RandomForest,False,0.39946274524561604
1,21,9,2,11,0.25,92,1.0,0,False,False,0.14107329292420642,False,0.2,False,0.1282726096633742,RandomForest,RandomForest,False,0.2
2,32,114,1,18,0.7894736840000001,357,0.833333333,6,True,True,0.9096582819986676,True,1.0,True,0.923525103044332,RandomForest,RandomForest,True,1.0
2,42,0,1,22,0.818181818,423,0.636363636,6,True,True,0.9573077185772396,True,1.0,True,0.8965303981871529,RandomForest,RandomForest,True,1.0
2,35,169,5,20,0.946778711,316,0.352941176,6,True,True,0.9351056441281654,True,1.0,True,0.8129304318952836,RandomForest,RandomForest,True,1.0
1,6,0,1,5,0.583333333,43,1.0,0,False,False,0.0945862667236116,False,0.1,False,0.30008439140649074,RandomForest,RandomForest,False,0.1
1,17,0,1,7,0.5,234,1.0,0,True,False,0.11862341383190968,False,0.3,False,0.431330116367046,RandomForest,RandomForest,False,0.3015383428103323
3,9,10,1,5,1.25,28,0.0,3,True,True,0.7406447267198799,True,0.9,True,0.8649228230697599,RandomForest,RandomForest,True,0.9
1,6,6,4,1,2.0,15,0.0,0,False,False,0.06466488105155424,False,0.0,False,0.15203138607773628,RandomForest,RandomForest,False,0.0
3,50,155,6,28,0.975369458,622,0.238095238,6,True,True,0.990945833248109,True,0.9,True,0.8744267227678881,RandomForest,RandomForest,True,0.9003637833329924
1,1,0,9,1,2.0,1,0.0,0,False,False,0.060756389436712785,False,0.1,False,0.06686665340912762,RandomForest,RandomForest,False,0.1
2,18,45,3,8,1.111111111,79,0.0,6,True,True,0.7922940296749394,True,1.0,True,0.8702919162393826,RandomForest,RandomForest,True,1.0
2,57,196,1,34,0.90931677,744,0.565217391,6,True,True,0.9848574517603446,True,1.0,True,0.8200820112187333,RandomForest,RandomForest,True,1.0
2,25,77,3,11,0.8615384620000001,212,0.8,5,True,True,0.8104710593135208,True,0.9,True,0.7833413499824661,RandomForest,RandomForest,True,0.9
1,37,66,15,10,1.090909091,494,1.0,0,True,False,0.4662067738305115,True,0.6,True,0.5492999514348521,RandomForest,RandomForest,True,0.5941130980485425
2,22,54,2,10,0.981818182,120,0.2,6,True,True,0.8501847504927921,True,1.0,True,0.9517102548090698,RandomForest,RandomForest,True,0.9997003695009856
2,17,36,1,7,1.125,72,0.0,6,True,True,0.7860370607257302,True,1.0,True,0.9355880867366017,RandomForest,RandomForest,True,1.0
2,27,6,5,9,0.875,180,0.333333333,5,False,True,0.832281179775054,True,0.8,True,0.6564033510943432,RandomForest,RandomForest,True,0.8
2,37,219,2,21,0.8506493509999999,345,0.857142857,5,True,True,0.9032589969210779,True,0.8,True,0.6545750955610974,RandomForest,RandomForest,True,0.8
2,26,69,4,12,0.7435897440000001,187,0.666666667,6,True,True,0.8739963442840825,True,1.0,True,0.9632669159868787,RandomForest,RandomForest,True,1.0
2,53,100,2,28,0.75,556,0.8888888890000001,2,True,True,0.9265604024324576,True,0.9,True,0.7481797040024819,RandomForest,RandomForest,True,0.9
1,4,6,1,4,2.0,4,0.0,0,True,False,0.0679700149683215,False,0.0,False,0.0982247094855931,RandomForest,Voting,False,0.041602484545515996
1,0,0,0,0,2.0,7,0.0,0,False,False,0.0574750228304106,False,0.0,False,0.10874779180143984,RandomForest,RandomForest,False,0.0
2,48,38,3,17,0.822916667,419,0.666666667,5,False,True,0.9274371744544398,True,0.7,True,0.6874137913461984,RandomForest,RandomForest,True,0.7
2,13,36,2,9,1.125,58,0.0,0,True,True,0.5724440011403745,True,1.0,True,0.8703548915523862,RandomForest,RandomForest,True,1.0
1,20,0,10,9,0.25,294,1.0,1,False,False,0.4953047009775858,False,0.3,False,0.4717791619108036,RandomForest,RandomForest,False,0.3047485646784822
1,22,3,1,6,0.75,111,1.0,0,False,False,0.11048326844741073,False,0.3,False,0.457897937191564,RandomForest,RandomForest,False,0.30063159174876625
2,47,175,1,20,0.6309523810000001,475,0.0,5,True,True,0.9342667534069432,True,1.0,True,0.5655491746732427,RandomForest,RandomForest,True,1.0
2,39,106,2,25,0.7537878790000001,487,0.909090909,0,True,True,0.7967885410131516,True,1.0,True,0.8540037066234848,RandomForest,RandomForest,True,0.999708007413247
1,42,325,10,22,1.04,693,0.0,0,False,True,0.6707484180390827,True,0.7,True,0.6664927273806895,RandomForest,RandomForest,True,0.6971482147198723
1,12,8,0,7,0.8214285709999999,129,0.083333333,0,True,False,0.16973306886584372,False,0.5,True,0.5429921051854225,AdaBoost,AdaBoost,True,0.5356176031119282
3,6,0,3,5,2.0,37,0.0,0,False,False,0.18478564554841445,False,0.0,False,0.3817888663188089,RandomForest,RandomForest,False,0.0
2,48,6,1,2,0.916666667,439,0.666666667,1,True,False,0.3781524146231392,False,0.4,False,0.4743101996962684,RandomForest,RandomForest,False,0.4
1,56,15,50,6,1.2,923,1.0,0,True,True,0.7951280771897771,True,0.9,True,0.7103988432594642,RandomForest,RandomForest,True,0.8975233592303145
2,51,228,6,20,0.770833333,419,0.833333333,6,True,True,0.9362488590704,True,1.0,True,0.8745893437164033,RandomForest,RandomForest,True,1.0
1,5,3,3,2,2.0,43,0.0,0,False,False,0.07468767608078915,False,0.0,False,0.4540734592708911,RandomForest,RandomForest,False,0.0
2,18,39,2,9,0.851851852,78,0.333333333,2,True,True,0.6581830715954001,True,1.0,True,0.7895705625187602,RandomForest,RandomForest,True,1.0
1,10,0,5,3,0.25,78,1.0,0,True,False,0.09241901626398134,False,0.1,False,0.3885338018330327,RandomForest,RandomForest,False,0.1
1,21,9,2,11,0.25,92,1.0,0,False,False,0.12320094207890828,False,0.0,False,0.13483971874953168,RandomForest,RandomForest,False,0.0
2,33,32,7,11,1.034090909,320,0.125,5,True,True,0.8146305129274628,True,0.7,False,0.4196199475121449,RandomForest,RandomForest,True,0.6996685009208792
1,0,0,0,0,2.0,4,0.0,0,False,False,0.0653298132027525,False,0.0,False,0.12034189793645644,RandomForest,RandomForest,False,0.0
2,22,46,2,10,0.818181818,127,0.5,6,True,True,0.8321377608887176,True,1.0,True,0.9481863572671622,RandomForest,RandomForest,True,1.0
1,8,1,0,2,2.0,27,0.0,0,False,False,0.4094628739774056,True,0.6,True,0.7600432559125493,Voting,Voting,False,0.4186086560264901
2,11,4,1,2,0.833333333,108,1.0,1,False,False,0.16848032524777293,False,0.0,False,0.3470889583188261,RandomForest,RandomForest,False,0.0
2,13,36,2,9,1.125,64,0.0,0,True,True,0.5614749821633745,True,1.0,True,0.9030223783678668,RandomForest,RandomForest,True,1.0
1,46,123,1,4,0.659090909,668,1.0,0,True,True,0.5418540753391586,True,0.8,True,0.6222610494539019,RandomForest,RandomForest,True,0.7989674163013567
3,7,4,4,5,0.5,29,1.0,0,True,False,0.23137403274860724,False,0.0,False,0.1007629341485297,RandomForest,RandomForest,False,0.0
4,7,4,5,5,0.5,29,1.0,0,True,False,0.3018286888064633,False,0.1,False,0.21811060009090594,RandomForest,RandomForest,False,0.1
2,40,142,3,18,0.798245614,342,0.833333333,6,True,True,0.8999016045007838,True,1.0,True,0.9372695978862192,RandomForest,RandomForest,True,1.0
2,23,46,2,10,0.818181818,122,0.5,6,True,True,0.8334819028152629,True,1.0,True,0.9572241411793811,RandomForest,RandomForest,True,1.0
1,4,3,1,3,2.0,7,0.0,0,False,False,0.07386840004740687,False,0.0,False,0.2661036266493532,RandomForest,RandomForest,False,0.0006532077089906408
2,39,49,3,13,0.75,369,0.5,6,True,True,0.9042520867302146,True,0.8,True,0.7918819308849421,RandomForest,RandomForest,True,0.8
2,25,87,2,13,0.8035714290000001,143,0.75,6,True,True,0.8302075401927813,True,0.9,True,0.909877275516766,RandomForest,RandomForest,True,0.9
2,21,43,2,9,0.85,117,0.5,6,True,True,0.8244139647441804,True,1.0,True,0.9425256644940244,RandomForest,RandomForest,True,1.0
2,31,138,2,18,0.8270676690000001,306,0.857142857,6,True,True,0.8742743659194435,True,1.0,True,0.8526221983959053,RandomForest,RandomForest,True,1.0
2,36,11,1,2,0.8,173,1.0,1,False,True,0.5473319305632688,False,0.1,False,0.3563280293332077,RandomForest,RandomForest,False,0.1
1,15,4,6,2,0.333333333,55,1.0,0,False,False,0.09024599698304736,False,0.2,False,0.4051735713017727,RandomForest,RandomForest,False,0.2
1,45,36,1,5,2.0,3581,0.0,0,False,True,0.6408797972264441,True,0.7,True,0.5375434901855757,RandomForest,RandomForest,True,0.6985821075159374
2,117,3214,5,93,0.981194559,1478,0.483146067,6,True,True,0.960407458832511,True,0.8,True,0.8430038403160359,RandomForest,RandomForest,True,0.8
2,13,36,2,9,1.125,60,0.333333333,0,True,True,0.5460918196703802,True,1.0,True,0.9359034744448108,RandomForest,RandomForest,True,1.0
2,13,36,2,9,1.125,62,0.0,0,True,True,0.5613959072794925,True,1.0,True,0.9040961167520276,RandomForest,RandomForest,True,1.0
2,37,88,1,18,0.763157895,348,0.833333333,6,True,True,0.8980180892086752,True,1.0,True,0.9183886104098375,RandomForest,RandomForest,True,1.0
5,8,6,1,4,2.0,20,0.0,0,True,True,0.6046027963882854,True,0.8333333333333334,True,0.6666872257471799,RandomForest,RandomForest,True,0.8333333333333334
2,16,10,4,5,2.0,50,0.0,0,False,False,0.138746870237673,False,0.2,False,0.3772213524140665,RandomForest,RandomForest,False,0.2
2,4,0,8,2,1.125,22,0.0,0,True,False,0.19717453290711728,False,0.1,False,0.16132562119806,RandomForest,RandomForest,False,0.1
2,33,65,2,12,0.7435897440000001,229,0.666666667,6,True,True,0.8564973134535833,True,1.0,True,0.9393563684483941,RandomForest,RandomForest,True,1.0
1,19,84,11,16,0.994047619,152,0.0,0,False,False,0.19527354540400851,False,0.3,True,0.5327370780347245,RandomForest,RandomForest,False,0.2996276625193015
1,35,60,63,8,0.333333333,618,0.666666667,0,False,True,0.7481368371162734,False,0.3,True,0.6056693377592854,RandomForest,RandomForest,False,0.3
2,14,45,2,10,1.111111111,59,0.333333333,0,True,True,0.5530887807443692,True,1.0,True,0.9442350274293814,RandomForest,RandomForest,True,1.0
2,17,25,2,8,0.8,126,0.5,5,True,True,0.7757361353310248,True,0.8,True,0.753965804722471,RandomForest,RandomForest,True,0.8
1,56,9,4,5,0.7222222220000001,743,1.0,0,True,True,0.6460232941900148,True,0.9,True,0.7034250007820415,RandomForest,RandomForest,True,0.8983125965930723
3,14,41,5,11,0.916666667,66,0.0,0,False,True,0.5100000908640188,True,0.7,True,0.6314221034494056,RandomForest,RandomForest,True,0.699620000181728
2,34,41,1,12,0.711538462,225,0.0,5,True,True,0.8682669232295702,True,0.7,True,0.5873726824349416,RandomForest,RandomForest,True,0.7
2,32,52,4,11,0.933333333,1216,0.4,6,True,True,0.9348642001324192,True,1.0,True,0.6955564845349357,RandomForest,RandomForest,True,1.0
2,30,54,4,14,0.7,388,0.0,1,False,True,0.7501984866016249,True,0.6799999999999999,True,0.7713437640456262,RandomForest,RandomForest,True,0.6799999999999999
2,2,0,1,1,2.0,4,0.0,0,False,False,0.11847843361878765,False,0.0,False,0.2284670447096417,RandomForest,RandomForest,False,0.0
2,27,57,1,12,0.7692307690000001,195,0.666666667,6,True,True,0.8892637441731269,True,1.0,True,0.8439148405805218,RandomForest,RandomForest,True,1.0
5,8,6,0,4,2.0,20,0.0,0,True,True,0.6228186202063257,True,0.8833333333333334,True,0.7664438952958232,RandomForest,RandomForest,True,0.8828123039070793
3,10,3,6,1,2.0,27,0.0,1,False,False,0.2111079130568043,False,0.2,False,0.4121771769905788,RandomForest,RandomForest,False,0.2
2,67,22,1,22,0.5,961,0.0,5,True,True,0.9848890821453192,True,0.6,True,0.7484712938850443,RandomForest,RandomForest,True,0.6
2,12,10,1,5,2.0,32,0.0,0,False,False,0.14809191467049646,False,0.5,True,0.6038781879036809,RandomForest,RandomForest,False,0.5
1,16,1,1,2,2.0,231,0.0,0,False,False,0.42608414470042383,False,0.1,False,0.3386782038337499,RandomForest,RandomForest,False,0.1
1,21,0,2,4,0.5,149,1.0,0,False,False,0.13356448732056644,False,0.5,False,0.35357140400911224,RandomForest,RandomForest,False,0.4997071428080182
2,41,38,1,22,0.75,429,0.875,6,True,True,0.946195685981922,True,0.8,True,0.8348842490814116,RandomForest,RandomForest,True,0.8
2,21,49,3,9,0.85,106,0.5,6,True,True,0.870693261567407,True,1.0,True,0.9561761274845432,RandomForest,RandomForest,True,1.0
1,1,0,3,1,2.0,1,0.0,0,False,False,0.06891462145837947,False,0.0,False,0.05417830608421148,RandomForest,RandomForest,False,0.0
2,46,117,1,24,0.936363636,505,0.363636364,6,True,True,0.9672719322165452,True,1.0,True,0.8044842421573469,RandomForest,RandomForest,True,1.0
2,24,46,1,10,0.981818182,144,0.2,6,True,True,0.8723376788337424,True,1.0,True,0.9288845073449622,RandomForest,RandomForest,True,1.0
2,50,244,3,22,0.90821256,402,0.444444444,5,True,True,0.6204355922354367,True,0.7,False,0.47301863133824795,RandomForest,RandomForest,True,0.7
1,5,0,1,1,0.0,49,1.0,0,False,False,0.4375083285183143,False,0.5,False,0.4555264419472221,RandomForest,RandomForest,False,0.5
3,18,45,6,8,1.111111111,86,0.0,6,True,True,0.8980246423085599,True,1.0,True,0.7246747064766441,RandomForest,RandomForest,True,1.0
2,24,36,1,10,0.772727273,143,0.5,6,True,True,0.8843208434191783,True,1.0,True,0.8534612803218871,RandomForest,RandomForest,True,1.0
2,31,102,3,11,0.933333333,9857,0.75,0,True,True,0.7530810343273623,True,0.8,True,0.6024174195874785,RandomForest,RandomForest,True,0.7999061620686547
1,1,0,19,1,2.0,1,0.0,0,False,False,0.06998056392023318,False,0.0,False,0.11543755180870813,RandomForest,RandomForest,False,0.0
2,35,114,1,18,0.8771929820000001,360,0.5555555560000001,6,True,True,0.9319621293964522,True,1.0,True,0.8391194597807904,RandomForest,RandomForest,True,1.0
1,95,106,10,13,0.35416666700000005,461,1.0,0,False,True,0.5674663524322324,False,0.5,True,0.5140920207761069,RandomForest,RandomForest,False,0.5009445289340513
2,24,64,1,11,0.8833333329999999,143,0.6,6,True,True,0.8783545965875929,True,1.0,True,0.8263496897760773,RandomForest,RandomForest,True,1.0
2,65,94,3,15,0.649122807,327,1.0,1,False,True,0.5438151026713712,False,0.4,True,0.6887116710335512,RandomForest,RandomForest,False,0.4
2,7,6,4,5,2.0,46,0.0,1,False,False,0.15426116887170085,False,0.4,False,0.4624904703953487,RandomForest,RandomForest,False,0.4
1,30,3,0,2,2.0,315,0.0,0,True,False,0.4515170718726722,False,0.2,False,0.3645721564890772,RandomForest,RandomForest,False,0.2
2,23,46,2,10,0.818181818,122,0.5,6,True,True,0.8802176930160176,True,1.0,True,0.9724357257119328,RandomForest,RandomForest,True,1.0
1,4,3,2,3,2.0,8,0.0,0,False,False,0.07664798281834821,False,0.0,False,0.09638654382153053,RandomForest,RandomForest,False,0.0
2,13,36,2,9,1.125,59,0.0,0,True,True,0.6042278635440589,True,1.0,True,0.9318691111982136,RandomForest,RandomForest,True,1.0
2,18,45,1,8,1.111111111,87,0.0,6,True,True,0.8147652259790487,True,1.0,True,0.952188000659904,RandomForest,RandomForest,True,1.0
1,55,0,9,14,0.5,453,1.0,0,False,False,0.30340107864722976,True,0.6,True,0.5482794336132575,Voting,Voting,False,0.30933305707428516
1,10,45,13,10,2.0,10,0.0,0,False,False,0.43105336965874896,False,0.4,False,0.24466285078309355,RandomForest,RandomForest,False,0.4
2,17,36,2,7,1.125,72,0.0,6,True,True,0.8058705956756359,True,1.0,True,0.9599836516699056,RandomForest,RandomForest,True,1.0
2,35,114,1,18,0.855263158,359,0.625,6,True,True,0.9297397743963464,True,1.0,True,0.8360442718090846,RandomForest,RandomForest,True,1.0
1,1,0,1,1,2.0,1,0.0,0,False,False,0.0687862071446312,False,0.0,False,0.14324572066510732,RandomForest,RandomForest,False,0.0
1,1,0,13,1,2.0,1,0.0,0,False,False,0.06957287154124904,False,0.0,False,0.11543755180870813,RandomForest,RandomForest,False,0.0
2,22,0,7,8,0.35,180,1.0,6,True,False,0.43793579936559,True,0.7,False,0.4748161546788529,RandomForest,RandomForest,True,0.7
1,2,1,19,2,2.0,2,0.0,0,False,False,0.07073327006742199,False,0.1,False,0.1764992252259626,RandomForest,RandomForest,False,0.1
2,24,46,1,10,0.818181818,141,0.5,6,True,True,0.8851373541143711,True,1.0,True,0.939833634512476,RandomForest,RandomForest,True,1.0
3,29,171,1,19,1.0555555559999998,128,0.0,0,True,True,0.8258418411642251,True,0.8333333333333334,True,0.7366617657508683,RandomForest,RandomForest,True,0.8333333333333334
1,1,0,3,1,2.0,1,0.0,0,False,False,0.0666262855832301,False,0.0,False,0.08124682130677417,RandomForest,RandomForest,False,0.0
2,31,91,1,16,0.776470588,303,0.8,6,True,True,0.9284034832602748,True,1.0,True,0.8958911084129721,RandomForest,RandomForest,True,1.0
2,22,46,3,10,0.818181818,128,0.5,6,True,True,0.8812667523150844,True,1.0,True,0.9522208427491508,RandomForest,RandomForest,True,1.0
1,4,1,2,1,2.0,39,0.0,0,False,False,0.06884094374050212,False,0.0,False,0.4252106167454806,RandomForest,RandomForest,False,0.0
2,46,25,8,11,0.957142857,366,0.14285714300000002,6,False,True,0.9320945242585228,True,0.8,True,0.6972114060375251,RandomForest,RandomForest,True,0.8
2,56,511,4,35,0.938063063,604,0.625,6,True,True,0.9852783750434808,True,0.9,True,0.7720927375882579,RandomForest,RandomForest,True,0.9
2,24,46,1,10,0.818181818,141,0.5,6,True,True,0.8851373541143711,True,1.0,True,0.939833634512476,RandomForest,RandomForest,True,1.0
1,19,107,34,18,0.382352941,170,1.0,0,False,False,0.1629543885059817,False,0.0,False,0.319832643898198,RandomForest,RandomForest,False,0.0
2,19,0,0,10,0.0,86,1.0,2,False,True,0.5806600854027678,True,0.8,True,0.6328102477308803,RandomForest,RandomForest,True,0.8
2,46,153,1,24,0.8,501,0.8888888890000001,6,True,True,0.9739806786909084,True,1.0,True,0.8768810080141219,RandomForest,RandomForest,True,1.0
2,21,49,2,9,0.975,108,0.25,6,True,True,0.8641916612212514,True,1.0,True,0.9451606745143444,RandomForest,RandomForest,True,1.0
1,300,2749,45,48,0.914285714,3446,1.0,0,True,True,0.9683012599126556,False,0.3,True,0.5602106619469335,RandomForest,RandomForest,False,0.3
1,8,15,2,6,1.2,139,0.0,0,True,False,0.4644328469104952,False,0.4,True,0.6552566319076416,AdaBoost,AdaBoost,True,0.6547461186438264
2,14,45,2,10,1.111111111,67,0.333333333,0,True,True,0.5399524088612238,True,1.0,True,0.938270981240151,RandomForest,RandomForest,True,1.0
2,24,253,1,23,2.0,49,0.0,2,False,True,0.5899522337890798,True,0.8,True,0.586315191636584,RandomForest,RandomForest,True,0.8
4,8,6,2,4,2.0,20,0.0,0,False,True,0.5756279024993838,True,1.0,True,0.8891133415216976,RandomForest,RandomForest,True,1.0
2,64,312,1,32,0.909274194,614,0.8125,5,False,True,0.9802662467100504,True,0.6,True,0.5235404936598606,RandomForest,RandomForest,True,0.6
2,21,49,2,9,1.0,109,0.2,6,True,True,0.8590855133459366,True,1.0,True,0.9459336039511044,RandomForest,RandomForest,True,1.0
2,24,69,2,12,0.7692307690000001,155,0.666666667,6,True,True,0.8925021023823888,True,1.0,True,0.9457330620019438,RandomForest,RandomForest,True,1.0
1,14,19,3,6,0.611111111,71,1.0,0,False,False,0.09416085151880282,False,0.1,False,0.3550990493293414,RandomForest,RandomForest,False,0.1
2,18,33,2,9,0.8666666670000001,89,0.6,2,True,True,0.6118741464328444,True,1.0,True,0.7070104025812362,RandomForest,RandomForest,True,1.0
1,8,0,3,3,0.0,32,0.0,0,False,True,0.5208674991923831,False,0.2,False,0.3490547786112874,RandomForest,RandomForest,False,0.2
2,80,470,6,32,0.8634259259999999,866,0.833333333,6,True,True,0.9863236789342944,True,1.0,True,0.7259651636434582,RandomForest,RandomForest,True,1.0
1,15,21,1,11,0.533333333,90,1.0,0,False,False,0.11690195910028467,False,0.3,False,0.3211044069280973,RandomForest,RandomForest,False,0.3
3,153,3060,0,72,0.839059675,838,1.0,20,False,True,0.9998836763981974,False,0.2,False,0.4118415543407,RandomForest,RandomForest,False,0.2
3,15,15,1,6,1.178378378,287,0.054054054,2,True,True,0.6960700062006366,True,1.0,True,0.634654285527917,RandomForest,RandomForest,True,1.0
2,24,46,0,10,0.818181818,141,0.5,6,True,True,0.8857760991420448,True,1.0,True,0.9344575191774612,RandomForest,RandomForest,True,1.0
1,5,0,2,2,0.0,42,0.0,0,True,False,0.18060248856097386,False,0.1,False,0.2131935488100155,RandomForest,RandomForest,False,0.1
1,4,6,5,4,2.0,4,0.0,0,False,False,0.07667183822400153,False,0.0,False,0.1331271917091526,RandomForest,RandomForest,False,0.0
2,34,141,1,20,0.957393484,423,0.315789474,6,True,True,0.967040117544772,True,1.0,True,0.8635152004385899,RandomForest,RandomForest,True,1.0
1,10,1,1,0,2.0,82,0.0,0,False,False,0.07053952397267728,False,0.4,True,0.5307637215114346,RandomForest,RandomForest,False,0.4
2,12,22,1,7,0.8857142859999999,102,0.8,2,True,True,0.5710295621747113,True,1.0,True,0.8096962362038955,RandomForest,RandomForest,True,1.0
2,9,14,5,6,0.7857142859999999,73,0.0,0,False,False,0.2260002545909624,False,0.4,True,0.5098911918664758,RandomForest,RandomForest,False,0.4
1,141,651,3,7,0.766925638,1861,0.705882353,0,True,True,0.871702122498248,True,0.9,True,0.7421406482377476,RandomForest,RandomForest,True,0.8996842812964755
2,35,1,1,16,0.670588235,276,0.8,6,True,True,0.9335348150841222,True,0.8,True,0.9329511014719458,RandomForest,RandomForest,True,0.8
1,19,0,7,8,0.642857143,333,0.5,0,True,False,0.4987544423098038,False,0.5,False,0.4373609612932237,RandomForest,RandomForest,False,0.5
1,1,0,6,1,2.0,1,0.0,0,False,False,0.061476177809689565,False,0.0,False,0.12137545143159922,RandomForest,RandomForest,False,0.0
2,41,82,1,22,0.766304348,438,0.875,6,True,True,0.9609808075786972,True,1.0,True,0.9427554581507108,RandomForest,RandomForest,True,1.0
1,16,4,1,4,0.333333333,82,0.0,0,True,False,0.18039951316482328,False,0.1,False,0.3860020324176001,RandomForest,RandomForest,False,0.1
2,29,43,2,9,0.85,154,0.5,6,True,True,0.8988328343148609,True,0.8,True,0.7856998120966637,RandomForest,RandomForest,True,0.8
2,21,43,2,9,0.85,117,0.0,6,True,True,0.8593313551877384,True,1.0,True,0.9278187203807248,RandomForest,RandomForest,True,1.0
2,21,49,2,9,0.933333333,107,0.333333333,6,True,True,0.8807605385365784,True,1.0,True,0.9649470134067172,RandomForest,RandomForest,True,1.0
2,60,255,1,36,0.924924925,801,0.518518519,6,True,True,0.9884934666747016,True,1.0,True,0.7414017039448543,RandomForest,RandomForest,True,1.0
2,101,665,1,41,0.836956522,997,1.0,18,False,True,0.6662723626473063,False,0.5,True,0.6318812558234628,RandomForest,RandomForest,False,0.5
3,19,0,2,7,1.142857143,161,0.5,5,True,True,0.8840583607762692,True,0.9,True,0.8366270293128321,RandomForest,RandomForest,True,0.9
1,29,0,0,24,0.388888889,629,1.0,1,False,True,0.6450538828146032,False,0.4,True,0.5595299702844657,RandomForest,RandomForest,False,0.4
2,14,45,2,10,1.111111111,52,0.5,0,True,True,0.540149005548983,True,1.0,True,0.6780613492446859,RandomForest,RandomForest,True,1.0
1,8,1,2,2,2.0,24,0.0,0,False,False,0.07007678293107522,False,0.3,False,0.2378967904465583,RandomForest,RandomForest,False,0.3
2,22,46,3,10,0.818181818,128,0.5,6,True,True,0.8920521662107134,True,1.0,True,0.9311949901123464,RandomForest,RandomForest,True,1.0
3,65,0,3,9,0.375,644,0.0,5,True,True,0.9760174504028204,True,0.8,True,0.6421373615835149,RandomForest,RandomForest,True,0.8
1,29,0,4,24,0.388888889,629,1.0,1,False,True,0.6427372789263855,False,0.3,True,0.5244123522801626,RandomForest,RandomForest,False,0.3
2,21,43,2,9,0.85,106,0.5,6,True,True,0.8858474410123133,True,1.0,True,0.9471522585615236,RandomForest,RandomForest,True,1.0
1,9,36,5,9,2.0,9,0.0,0,False,False,0.4162801317555692,False,0.4,False,0.31016364285430664,RandomForest,RandomForest,False,0.4
1,89,0,4,41,1.0,361,0.066666667,0,True,True,0.9699760853169948,False,0.4,True,0.5305789641546802,RandomForest,RandomForest,False,0.4
1,1,0,3,1,2.0,1,0.0,0,False,False,0.061224545026094576,False,0.0,False,0.0843811228295531,RandomForest,RandomForest,False,0.0
2,24,56,2,11,0.7777777779999999,141,0.666666667,6,True,True,0.8949433293172359,True,1.0,True,0.8610977522573277,RandomForest,RandomForest,True,1.0
2,23,46,2,10,0.818181818,122,0.5,6,True,True,0.8937935231563183,True,1.0,True,0.9403658754518288,RandomForest,RandomForest,True,1.0
2,12,3,2,9,0.916666667,87,0.5,2,True,True,0.6442672062492693,True,0.9,True,0.7353691433153138,RandomForest,RandomForest,True,0.9
1,32,20,2,8,0.625,291,1.0,0,False,False,0.4783930935826433,True,0.7,True,0.6146632973264643,Voting,Voting,False,0.47927952120831274
2,21,49,2,9,0.85,106,0.5,6,True,True,0.8855524919168173,True,1.0,True,0.9560802268690408,RandomForest,RandomForest,True,1.0
2,49,0,8,11,0.757575758,269,0.333333333,5,False,True,0.9172770659712136,True,0.7,True,0.537747690316286,RandomForest,RandomForest,True,0.7
2,24,46,1,10,1.0,145,0.166666667,6,True,True,0.8774207032865643,True,1.0,True,0.939909020908458,RandomForest,RandomForest,True,1.0
2,50,327,2,28,0.7758620690000001,505,0.833333333,6,True,True,0.9731578285298438,True,1.0,True,0.8232633617887241,RandomForest,RandomForest,True,1.0
2,35,37,1,16,0.8067226890000001,287,0.571428571,6,True,True,0.9405876057578948,True,0.8,True,0.7283517725595806,RandomForest,RandomForest,True,0.8
1,51,3,0,6,0.083333333,282,1.0,0,False,True,0.5238785030468219,True,0.9,True,0.6380944080802896,RandomForest,RandomForest,True,0.9
2,13,36,2,9,1.125,62,0.0,0,True,True,0.5472677463967056,True,1.0,True,0.9202574854487596,RandomForest,RandomForest,True,1.0
1,24,4,1,2,0.333333333,146,1.0,0,False,False,0.12034460413683246,False,0.2,False,0.2632433387604415,RandomForest,RandomForest,False,0.2
2,23,46,2,10,0.818181818,122,0.5,6,True,True,0.8937935231563183,True,1.0,True,0.9403658754518288,RandomForest,RandomForest,True,1.0
2,74,94,3,20,0.897435897,490,0.384615385,7,True,True,0.9901651618482338,True,1.0,True,0.7510835297003481,RandomForest,RandomForest,True,1.0
1,45,5,1,6,0.55,247,0.0,0,True,True,0.5660467826383236,True,0.6,True,0.6764368572965257,RandomForest,RandomForest,True,0.6
1,35,16,2,8,0.727272727,359,0.5555555560000001,0,True,True,0.5230649590943978,True,0.9,True,0.7195463881190538,RandomForest,RandomForest,True,0.8992461299181888
2,12,4,0,4,0.666666667,44,1.0,1,False,False,0.2027686788316581,False,0.1,False,0.3429725042817604,RandomForest,RandomForest,False,0.1
2,15,4,3,5,0.428571429,90,1.0,1,False,False,0.20932895875093194,False,0.1,False,0.23521414255994466,RandomForest,RandomForest,False,0.1
2,41,6,1,2,0.75,181,1.0,1,False,False,0.28518822022397833,False,0.0,False,0.4059227898651865,RandomForest,RandomForest,False,0.0
2,40,103,2,16,0.848739496,327,0.0,6,True,True,0.9031475606575472,True,0.8,True,0.774693709256015,RandomForest,RandomForest,True,0.8
2,64,162,3,46,0.861702128,891,0.95,6,True,True,0.978198894624654,True,1.0,True,0.9223171171695582,RandomForest,RandomForest,True,1.0
1,29,1,7,1,0.0,257,1.0,0,False,False,0.4912333062980924,True,0.7,False,0.4871822806427825,RandomForest,RandomForest,True,0.7
4,8,6,3,4,2.0,20,0.0,0,True,False,0.4073079678317944,True,0.6566666666666666,False,0.47360983706885296,RandomForest,RandomForest,True,0.6566666666666666
2,87,1362,17,17,0.927083333,1806,1.0,7,False,True,0.6308918110450389,False,0.4,True,0.5641920057360309,RandomForest,RandomForest,False,0.4
2,6,10,20,5,1.25,13,0.0,0,False,True,0.5337989379570229,False,0.45,False,0.4006624725970333,RandomForest,RandomForest,False,0.45
1,19,15,2,5,2.0,171,0.0,0,True,False,0.4190258344817785,False,0.2,False,0.4621372329012792,RandomForest,RandomForest,False,0.2
2,17,36,1,7,1.125,72,0.0,6,True,True,0.7700564182208257,True,1.0,True,0.9498342865099384,RandomForest,RandomForest,True,1.0
1,35,198,1,28,0.841750842,388,1.0,0,True,True,0.5781088559356364,True,0.7,True,0.5346630136895147,RandomForest,RandomForest,True,0.6997562177118712
2,66,664,4,46,0.902083333,728,0.95,6,True,True,0.9615575145687676,True,1.0,True,0.7943117613920198,RandomForest,RandomForest,True,1.0
2,24,46,1,10,0.818181818,141,0.5,6,True,True,0.8579006185553005,True,1.0,True,0.8937273986038674,RandomForest,RandomForest,True,1.0
2,21,43,2,9,0.85,116,0.5,6,True,True,0.8471935496565551,True,1.0,True,0.973280871758769,RandomForest,RandomForest,True,1.0
2,61,367,1,36,0.854054054,807,0.933333333,6,True,True,0.9681396983758224,True,1.0,True,0.7209784739904543,RandomForest,RandomForest,True,1.0
2,39,204,2,21,0.8826086959999999,418,0.7,6,True,True,0.9318078440731394,True,1.0,True,0.9189756631451886,RandomForest,RandomForest,True,1.0
2,60,187,4,34,0.747474747,728,0.8888888890000001,3,True,True,0.9489856657587868,True,0.8,True,0.8823822470811026,RandomForest,RandomForest,True,0.8
2,44,171,3,28,0.863888889,406,0.916666667,6,True,True,0.9445088701756092,True,1.0,True,0.9774150591566844,RandomForest,RandomForest,True,1.0
2,13,36,2,9,1.125,62,0.0,0,True,True,0.5594695975647657,True,1.0,True,0.8738085085078231,RandomForest,RandomForest,True,1.0
1,17,9,4,11,0.25,85,1.0,0,False,False,0.1255915561964517,False,0.2,False,0.2114403546788912,RandomForest,RandomForest,False,0.2
1,21,3,0,2,2.0,112,0.0,0,False,False,0.08473670374438867,False,0.4,False,0.4573263704446833,RandomForest,RandomForest,False,0.4
1,24,1,1,1,0.75,121,1.0,0,False,False,0.10712407034182386,False,0.3,False,0.1501454416176216,RandomForest,RandomForest,False,0.3
2,22,46,3,10,0.818181818,128,0.5,6,True,True,0.8533035860762087,True,1.0,True,0.9722950696078618,RandomForest,RandomForest,True,1.0
1,4,6,1,4,2.0,4,0.0,0,False,False,0.397966119021318,True,0.7,True,0.6967199469971584,Voting,RandomForest,True,0.5497123112863049
1,5,0,3,3,0.666666667,28,1.0,0,False,False,0.08740800622050303,False,0.1,False,0.20928872993863373,RandomForest,RandomForest,False,0.1
2,33,81,1,16,0.764705882,308,0.8,6,True,True,0.8904121359137354,True,1.0,True,0.8746138119029646,RandomForest,RandomForest,True,1.0
3,13,3,2,10,0.7222222220000001,73,0.5,2,True,True,0.7901190497763452,True,1.0,True,0.6932412787900474,RandomForest,RandomForest,True,1.0
1,11,0,2,5,0.0,170,1.0,0,True,False,0.1284731609290056,True,0.7,False,0.40339935502338825,RandomForest,RandomForest,True,0.7
1,34,0,2,10,0.566666667,210,1.0,0,False,False,0.14583438112597738,False,0.5,True,0.5056840704664292,RandomForest,RandomForest,False,0.5
1,16,9,5,3,1.164242424,1460,0.003636364,0,False,True,0.8020307453755086,True,0.8,True,0.6445744665787465,RandomForest,RandomForest,True,0.8
2,21,49,2,9,0.85,106,0.5,6,True,True,0.8468602015806573,True,1.0,True,0.9655437000451992,RandomForest,RandomForest,True,1.0
1,2,0,1,0,2.0,6,0.0,0,False,False,0.06109790564189167,False,0.0,False,0.17124900856504316,RandomForest,RandomForest,False,0.0
2,21,43,2,9,0.85,116,0.5,6,True,True,0.8471935496565551,True,1.0,True,0.973280871758769,RandomForest,RandomForest,True,1.0
2,32,0,2,9,0.125,172,0.0,1,False,False,0.30239698064744464,True,0.6,False,0.477256476904835,RandomForest,RandomForest,True,0.6
1,31,3,1,9,0.222222222,183,0.0,0,True,False,0.2336047701351648,False,0.3333333333333333,True,0.5153597688621655,AdaBoost,AdaBoost,True,0.5153597688621655
1,65,290,13,18,0.962648557,732,1.0,0,False,False,0.3870946941496245,True,0.7,True,0.5163099205617993,Voting,Voting,False,0.3870946941496245
1,30,34,6,9,0.690909091,306,1.0,0,True,False,0.13451589936727856,False,0.5,False,0.4782516878152575,RandomForest,RandomForest,False,0.5
2,28,61,4,11,0.807692308,245,0.5,5,True,True,0.5028694505089155,False,0.4,True,0.7221281964675124,RandomForest,RandomForest,False,0.4
1,41,21,4,14,0.564102564,243,0.0,0,True,False,0.2501936519754886,True,0.5333333333333333,False,0.4490448330350534,RandomForest,RandomForest,True,0.5333333333333333
2,22,2,2,8,0.666666667,202,0.166666667,2,True,True,0.6908519373163379,True,0.8,True,0.7030239774483908,RandomForest,RandomForest,True,0.8
2,23,54,2,10,0.909090909,117,0.333333333,6,True,True,0.8585339891337603,True,1.0,True,0.8574180427570288,RandomForest,RandomForest,True,1.0
2,47,28,1,11,0.636363636,353,1.0,6,False,True,0.5516887209671258,False,0.4,True,0.6806828547267023,RandomForest,RandomForest,False,0.4
2,46,105,1,20,0.920634921,422,0.4,6,True,True,0.9476043202403512,True,1.0,True,0.869768405969333,RandomForest,RandomForest,True,1.0
1,5,0,1,4,1.125,33,0.25,0,False,False,0.4509213383934219,False,0.4,False,0.483605987138921,RandomForest,RandomForest,False,0.4
4,8,6,2,4,2.0,20,0.0,0,True,False,0.2278465718549456,False,0.0,False,0.2641243115821612,RandomForest,RandomForest,False,0.0
2,22,54,2,10,0.954545455,119,0.25,6,True,True,0.8501358045265088,True,1.0,True,0.914823449080154,RandomForest,RandomForest,True,1.0
1,20,0,2,3,0.369047619,441,1.0,0,True,False,0.12957136309385686,False,0.5,True,0.5230086872186999,AdaBoost,AdaBoost,True,0.5230086872186999
2,32,72,3,15,0.791666667,282,0.833333333,6,True,True,0.8835410064936369,True,0.9,True,0.8861412685655011,RandomForest,RandomForest,True,0.9
2,24,46,1,10,0.818181818,141,0.5,6,True,True,0.8655217202124824,True,1.0,True,0.9743844054190096,RandomForest,RandomForest,True,1.0
2,22,46,2,10,0.818181818,127,0.5,6,True,True,0.8621269662340625,True,1.0,True,0.9628605994441519,RandomForest,RandomForest,True,1.0
3,28,120,1,16,1.066666667,104,0.0,0,True,True,0.733345880184184,True,0.6,True,0.6952103736650178,RandomForest,RandomForest,True,0.6
1,6,15,6,6,2.0,6,0.0,0,False,False,0.06994043855048257,False,0.4,False,0.2390388957856016,RandomForest,RandomForest,False,0.4
2,14,45,2,10,1.111111111,67,0.333333333,0,True,True,0.5672898488723245,True,0.9,True,0.9136376991843992,RandomForest,RandomForest,True,0.9
3,34,19,2,13,1.076923077,379,1.0,4,True,True,0.523394421270437,False,0.4,True,0.5897484293884661,RandomForest,RandomForest,False,0.4
1,30,48,2,9,0.818181818,322,1.0,0,True,False,0.463663769432531,True,0.8,True,0.5501095371971793,RandomForest,RandomForest,True,0.8
3,9,10,1,5,1.25,28,0.0,3,True,True,0.7226519221907196,True,1.0,True,0.8611890344818033,RandomForest,RandomForest,True,1.0
1,0,0,4,0,2.0,0,0.0,0,False,False,0.05712607654278695,False,0.0,False,0.05370098488968962,RandomForest,RandomForest,False,0.0
3,15,26,2,7,0.857142857,219,0.25,1,True,False,0.4149789000538999,True,0.8,True,0.5255056378344833,RandomForest,RandomForest,True,0.8
2,23,0,7,8,0.14285714300000002,115,1.0,1,False,False,0.2388813061318837,False,0.3,True,0.6636837469028113,RandomForest,RandomForest,False,0.3
2,41,0,0,22,0.7173913040000001,411,0.875,6,True,True,0.9389582117560844,True,0.8,True,0.8003063605008156,RandomForest,RandomForest,True,0.8
1,6,2,3,4,0.75,36,1.0,0,False,False,0.09347607154679204,False,0.1,False,0.2428116336356001,RandomForest,RandomForest,False,0.1
3,7,4,3,5,0.5,29,1.0,0,False,True,0.6220436321235895,True,0.8,True,0.7554988340913311,RandomForest,RandomForest,True,0.8
3,24,0,2,8,0.666666667,171,0.5,6,True,True,0.9295429809119201,True,1.0,True,0.8808278169139454,RandomForest,RandomForest,True,1.0
1,17,0,3,3,0.0,116,1.0,0,False,False,0.4710162455549041,False,0.3,False,0.4545636719641317,RandomForest,RandomForest,False,0.3
1,2,0,0,1,2.0,51,0.0,0,True,False,0.393320027443246,False,0.1,False,0.3223765515466079,RandomForest,RandomForest,False,0.1
1,165,62,1,5,0.818181818,1358,0.5,0,True,True,0.9578664716027148,True,0.8,True,0.6285168311714388,RandomForest,RandomForest,True,0.8
2,54,348,6,35,0.843253968,661,0.928571429,6,True,True,0.9676953771872118,True,0.9,True,0.8804943331951595,RandomForest,RandomForest,True,0.9
1,25,24,6,8,0.8636363640000001,319,1.0,0,False,False,0.4525819377121026,True,0.6,True,0.5721629647418721,Voting,Voting,False,0.4525819377121026
2,22,54,2,10,0.818181818,117,0.5,6,True,True,0.8617613805108846,True,1.0,True,0.9624288000555608,RandomForest,RandomForest,True,1.0
2,48,44,4,13,0.75,298,1.0,6,True,True,0.5597255283783599,False,0.2,True,0.5575777696925965,RandomForest,RandomForest,False,0.2
2,24,46,0,10,0.818181818,141,0.5,6,True,True,0.8661679689573653,True,0.9,True,0.9613236551391802,RandomForest,RandomForest,True,0.9
1,104,87,5,22,0.7482758620000001,1151,0.6,0,True,True,0.9316494893094664,True,0.8,True,0.808069858689917,RandomForest,RandomForest,True,0.8
2,30,107,2,16,0.794117647,259,0.833333333,6,True,True,0.8838622407899414,True,1.0,True,0.8154377821620427,RandomForest,RandomForest,True,1.0
1,24,2,0,4,0.666666667,117,0.0,0,False,False,0.3596582436514908,True,0.7,False,0.4985247202231496,RandomForest,RandomForest,True,0.7
1,56,197,4,16,0.8138528140000001,378,0.545454545,0,True,True,0.6280433240206393,True,0.9,True,0.6795770536939904,RandomForest,RandomForest,True,0.9
1,17,0,2,7,0.571428571,134,1.0,0,False,False,0.4527841881280342,False,0.4,True,0.5147093811707744,RandomForest,RandomForest,False,0.4
2,32,114,2,18,0.894736842,361,0.5,6,True,True,0.9170279815960533,True,1.0,True,0.7883781565861249,RandomForest,RandomForest,True,1.0
1,53,331,3,24,0.8735632179999999,767,0.0,0,True,False,0.4310063803433444,False,0.5,True,0.5082510863513359,AdaBoost,AdaBoost,True,0.5082345841786332
1,2,1,5,2,2.0,2,0.0,0,False,False,0.05842188982063917,False,0.0,False,0.10318292924992592,RandomForest,RandomForest,False,0.0
1,376,6636,5,95,0.942356419,3629,0.72972973,0,True,True,0.6671765514981076,True,0.6,True,0.8069838629113014,RandomForest,RandomForest,True,0.6
1,1,0,6,1,2.0,1,0.0,0,False,False,0.05625030812550818,False,0.0,False,0.07725631165334414,RandomForest,RandomForest,False,0.0
2,23,25,3,9,0.8,183,0.5,6,True,True,0.9112142923396601,True,1.0,True,0.7656369306000685,RandomForest,RandomForest,True,1.0
1,28,0,2,7,0.571428571,426,1.0,0,True,False,0.4698019109843123,True,0.6,True,0.5292154826375954,RandomForest,RandomForest,True,0.6
1,43,595,184,32,2.0,379,0.0,0,True,True,0.5251062063855843,False,0.5,False,0.4750926059840454,Voting,Voting,True,0.5251062063855843
2,8,21,0,7,1.0,26,1.0,2,True,False,0.2729314482802381,True,0.7,True,0.5635168344186338,RandomForest,RandomForest,True,0.7
1,2,1,5,2,2.0,2,0.0,0,False,False,0.05842188982063917,False,0.0,False,0.10318292924992592,RandomForest,RandomForest,False,0.0
2,21,49,2,9,0.933333333,106,0.333333333,6,True,True,0.905259424639655,True,1.0,True,0.9151400080978592,RandomForest,RandomForest,True,1.0
2,15,45,2,10,1.111111111,59,0.333333333,0,True,True,0.6022974220273005,True,1.0,True,0.9141242138650671,RandomForest,RandomForest,True,1.0
2,31,43,1,15,0.833333333,229,0.666666667,5,False,True,0.5766492789830965,False,0.4,False,0.2921652131630161,RandomForest,RandomForest,False,0.4
3,8,10,2,4,1.25,26,0.0,2,True,True,0.7741438479305448,True,0.9,True,0.6909194593588338,RandomForest,RandomForest,True,0.9
2,51,0,3,26,0.731481481,237,0.75,6,True,True,0.9770402311116699,True,0.8,True,0.5638314769036297,RandomForest,RandomForest,True,0.8
2,23,0,10,11,0.642857143,271,1.0,2,False,True,0.6962669239633729,False,0.2,False,0.3805530362980666,RandomForest,RandomForest,False,0.2
2,14,33,1,11,0.9,66,0.75,2,True,True,0.7080280323390499,True,0.9,True,0.6762896566703169,RandomForest,RandomForest,True,0.9
1,62,15,2,6,0.644444444,785,1.0,0,True,False,0.2876047827802761,True,0.8,True,0.6559689943231659,RandomForest,RandomForest,True,0.8
2,47,195,3,27,0.875,484,0.833333333,5,True,True,0.9541389534831404,True,0.9,True,0.6402577872123731,RandomForest,RandomForest,True,0.9
2,36,221,5,21,0.727272727,350,0.75,6,True,True,0.9451156177244702,True,0.9,True,0.9225652993070786,RandomForest,RandomForest,True,0.9
2,39,1,8,12,0.692307692,243,0.5,6,True,True,0.6099253318698031,True,0.6,True,0.5176541000296141,RandomForest,RandomForest,True,0.6
3,8,10,1,4,1.25,26,0.0,2,True,True,0.7770939188321195,True,0.9,True,0.8436575416870591,RandomForest,RandomForest,True,0.9
1,9,0,1,3,0.0,86,0.0,0,False,False,0.1930475989650645,False,0.4,True,0.5420350780808262,RandomForest,RandomForest,False,0.4
2,29,34,2,13,0.854166667,179,0.5,5,False,True,0.9047122344891496,True,0.8,True,0.7091652801298338,RandomForest,RandomForest,True,0.8
2,23,66,2,11,0.805555556,140,0.666666667,6,True,True,0.9062675488048972,True,1.0,True,0.9573038397489916,RandomForest,RandomForest,True,1.0
2,13,36,2,9,1.125,62,0.0,0,True,True,0.5915558695255316,True,1.0,True,0.8942048889673431,RandomForest,RandomForest,True,1.0
1,56,60,25,12,1.0,415,0.25,0,True,True,0.7755879662464092,False,0.4,True,0.5498179908710981,RandomForest,RandomForest,False,0.4
1,20,9,2,7,0.833333333,173,1.0,0,True,False,0.10411224554418942,False,0.4,True,0.5221497957650053,AdaBoost,AdaBoost,True,0.5221497957650053
2,14,45,2,10,1.111111111,63,0.333333333,0,True,True,0.6006242296320606,True,1.0,True,0.9124449584961112,RandomForest,RandomForest,True,1.0
2,21,49,2,9,0.933333333,107,0.333333333,6,True,True,0.9052661268316824,True,1.0,True,0.915557650642293,RandomForest,RandomForest,True,1.0
2,108,1491,5,56,0.957965532,1287,0.487179487,6,True,True,0.9588266972221398,True,0.9,True,0.8401717973257101,RandomForest,RandomForest,True,0.9
1,4,6,3,4,2.0,4,0.0,0,False,False,0.0625978284512538,False,0.2,False,0.3069519184120542,RandomForest,RandomForest,False,0.2
2,35,109,1,17,0.817460317,265,0.857142857,6,True,True,0.9292616260461588,True,0.9,True,0.8447167459989383,RandomForest,RandomForest,True,0.9
1,49,0,0,4,0.0,492,1.0,0,True,True,0.5059613778478164,True,0.6,False,0.40199450987798857,RandomForest,RandomForest,True,0.6
2,17,30,3,6,0.75,55,1.0,1,False,False,0.2467057943362628,False,0.2,False,0.3511780923251256,RandomForest,RandomForest,False,0.2
4,2,0,140,1,2.0,5,0.0,0,False,True,0.9505461798858659,False,0.5,False,0.4358887933699097,RandomForest,RandomForest,False,0.5
1,8,1,0,2,2.0,28,0.0,0,True,False,0.061981276954563125,False,0.0,False,0.1862092669760688,RandomForest,RandomForest,False,0.0
2,10,9,2,7,0.944444444,69,0.666666667,2,True,False,0.3485124711422034,True,1.0,True,0.7295871079037884,RandomForest,RandomForest,True,1.0
2,32,43,1,15,0.833333333,253,0.666666667,5,False,True,0.5788589186425203,False,0.3,False,0.2388827370214484,RandomForest,RandomForest,False,0.3
