noc,cbo,rfc,lcom,ca,ce,npm,loc,dam,mfa,ic,cbm,max_cc,bug,Voting_Prediction,Voting_Pred_Prob,RandomForest_Prediction,RandomForest_Pred_Prob,AdaBoost_Prediction,AdaBoost_Pred_Prob,selectedEnsemble,PredictedEnsemble,DSE_Prediction,DSE_Pred_Prob
0,19,18,0,8,15,4,84,0.0,0.5,0,0,3,True,False,0.2473663418382345,True,0.7,True,0.5839124698224103,AdaBoost,AdaBoost,True,0.5638287151910034
0,13,41,7,1,12,9,286,0.5,0.72,2,6,6,True,True,0.952303685521034,True,0.6,True,0.7761149918401476,AdaBoost,AdaBoost,True,0.7816308094239945
0,4,38,0,0,4,9,287,1.0,0.0,0,0,5,False,False,0.11498512689317092,True,0.7,False,0.4995630761876697,AdaBoost,AdaBoost,False,0.4833891594033172
0,3,7,6,2,2,1,26,0.0,0.98125,2,3,3,False,True,0.5035267767026018,True,0.9,False,0.4873719781336993,AdaBoost,AdaBoost,False,0.5079897067615903
2,20,82,160,5,18,8,596,0.833333333,0.768421053,2,8,3,True,True,0.9892604211183164,True,1.0,True,0.9170535243364526,AdaBoost,AdaBoost,True,0.9228506156161302
3,13,6,10,10,3,0,8,0.0,0.0,0,0,1,False,False,0.15696088764589658,False,0.3,False,0.2304788008859565,AdaBoost,AdaBoost,False,0.2261260966915485
0,13,61,0,4,9,0,553,0.333333333,0.0,0,0,4,True,False,0.16077327916909268,False,0.5,True,0.6371654341050652,AdaBoost,AdaBoost,True,0.6083870159846484
0,6,34,34,1,6,7,323,0.7777777779999999,0.444444444,1,2,3,True,True,0.5375705546167221,True,0.6,True,0.6372762836289269,AdaBoost,AdaBoost,True,0.631075326972107
0,8,36,58,1,7,13,191,1.0,0.0,0,0,1,False,True,0.5476148383540583,True,0.9,True,0.5555913580038073,AdaBoost,AdaBoost,True,0.563116121016593
0,30,8,28,28,2,8,8,0.0,0.0,0,0,1,False,True,0.9102230859670856,True,0.7,True,0.6137005812181887,AdaBoost,AdaBoost,True,0.6347549221795012
0,3,7,0,2,1,3,125,0.14285714300000002,0.0,0,0,3,False,False,0.06397471772436995,False,0.0,False,0.14060361003223032,AdaBoost,AdaBoost,False,0.1318353445603895
0,2,19,0,1,1,8,65,0.0,0.708333333,1,4,1,False,False,0.09298054236725224,False,0.2,False,0.3355957531584677,AdaBoost,AdaBoost,False,0.3169983690241883
1,5,7,15,3,3,0,9,0.0,0.0,0,0,1,False,False,0.07804287968449121,False,0.2,False,0.15988187684345226,AdaBoost,AdaBoost,False,0.15423686061903483
2,10,8,21,7,3,0,10,0.0,0.0,0,0,1,False,False,0.12100468436473928,False,0.0,False,0.03966282756761087,AdaBoost,AdaBoost,False,0.04488475773579455
0,10,25,0,2,10,6,91,0.0,0.5,0,0,1,True,False,0.14603815833129774,False,0.5,False,0.4812783826113338,AdaBoost,AdaBoost,False,0.4599453518751151
0,2,17,0,0,2,6,90,1.0,0.5,1,1,2,True,False,0.4896496500486583,False,0.3,False,0.3673464152236299,AdaBoost,AdaBoost,False,0.373846845050886
0,7,5,0,4,5,1,57,0.0,0.0,0,0,1,True,False,0.42135451555218667,False,0.4,True,0.6872970939130076,AdaBoost,AdaBoost,True,0.6603740175630669
0,20,64,167,13,11,22,446,1.0,0.333333333,2,6,12,True,True,0.9927629569727756,True,1.0,True,0.8455978703193165,AdaBoost,AdaBoost,True,0.8570746483050915
0,2,4,1,1,1,1,13,0.0,0.923076923,1,1,2,True,False,0.09775104601573284,False,0.3,False,0.4427487765722227,AdaBoost,AdaBoost,False,0.4047326257345112
0,8,6,0,8,0,0,100,0.0,0.0,0,0,1,False,False,0.06413456930604351,False,0.4,False,0.4408265642594618,AdaBoost,AdaBoost,False,0.4150602125239472
0,79,22,0,79,0,10,145,0.0,0.0,1,1,6,True,True,0.9981163980681648,True,0.8,True,0.574954966493555,AdaBoost,AdaBoost,True,0.6029009353458954
2,7,16,0,2,5,1,66,1.0,0.0,0,0,1,False,False,0.14045344867356407,False,0.5,True,0.6144339042603499,AdaBoost,AdaBoost,True,0.5816932975815148
0,16,22,0,11,6,6,100,1.0,0.6315789470000001,2,2,4,True,True,0.6448334438843647,True,1.0,True,0.6792715483110142,AdaBoost,AdaBoost,True,0.6844916433036642
2,4,21,13,2,2,3,185,0.75,0.583333333,1,2,1,True,True,0.5040960778298698,False,0.4,False,0.4645636435510382,Voting,AdaBoost,False,0.46512574408674623
0,36,2,0,36,0,1,5,0.0,1.0,0,0,0,False,True,0.878096402375543,False,0.5,False,0.4144436267561285,AdaBoost,AdaBoost,False,0.4459024647197258
0,9,33,34,0,9,5,453,1.0,0.885057471,1,5,3,False,True,0.5728230697104674,True,0.6,True,0.7416009359032585,AdaBoost,AdaBoost,True,0.7313846808290007
0,16,6,6,15,3,3,15,0.0,0.0,0,0,1,False,False,0.4645215532079669,True,0.9,True,0.5435596541712859,Voting,AdaBoost,True,0.5460119859993863
0,4,17,5,1,4,5,109,1.0,0.0,0,0,2,True,False,0.4397448666340533,False,0.4,False,0.4540575590792929,AdaBoost,AdaBoost,False,0.4514339302231877
2,11,6,10,8,4,2,8,0.0,0.0,0,0,1,False,False,0.14159767657632413,False,0.2,False,0.4024709560346501,AdaBoost,AdaBoost,False,0.3727723269481785
3,57,36,176,52,5,19,193,0.5,0.0,0,0,1,True,True,0.9984229875351136,True,0.9,True,0.8851859952251498,AdaBoost,AdaBoost,True,0.8916157605726772
2,10,47,108,3,8,15,817,0.333333333,0.24,0,0,2,True,True,0.9419938630487202,False,0.5,True,0.5644929044247069,AdaBoost,AdaBoost,True,0.5832985783094389
5,10,6,4,9,1,5,19,1.0,0.0,0,0,1,True,True,0.8783535338900549,True,0.6,False,0.394012231234768,AdaBoost,AdaBoost,False,0.4561513649093585
0,4,14,4,1,3,2,74,0.0,0.7777777779999999,1,2,1,False,False,0.11291871375108875,False,0.3,False,0.28883956630705504,AdaBoost,AdaBoost,False,0.27745675608645104
0,4,10,15,1,3,6,31,0.0,0.615384615,1,3,1,True,False,0.46520311910072404,False,0.5,True,0.5048429234247079,AdaBoost,AdaBoost,True,0.5011915412922375
0,9,20,5,2,8,3,191,0.0,0.28571428600000004,0,0,8,False,False,0.4621709336021926,False,0.5,True,0.5194492810987328,AdaBoost,AdaBoost,True,0.5161285885564064
0,5,6,3,1,4,3,18,0.0,0.5,0,0,1,False,False,0.4063622288021924,True,0.7,False,0.3541252039897649,AdaBoost,AdaBoost,False,0.36586460586544783
0,14,2,0,11,3,0,11,0.0,1.0,0,0,0,False,False,0.08340211844654677,False,0.2,False,0.35021981477125663,AdaBoost,AdaBoost,False,0.3348632875451882
1,13,46,0,2,12,7,357,1.0,0.0,0,0,1,True,True,0.6591191121213656,True,0.9,True,0.8389685308913638,AdaBoost,AdaBoost,True,0.832921403016833
0,30,39,0,28,3,17,432,0.833333333,0.0,0,0,5,False,True,0.9679581727020492,True,0.8,True,0.6557199990957734,AdaBoost,AdaBoost,True,0.6760591830874956
0,3,12,66,3,0,12,12,0.0,0.0,0,0,1,True,False,0.10146445902294228,False,0.5,True,0.5350312991989901,AdaBoost,AdaBoost,True,0.5114325668660714
0,5,12,0,4,1,0,95,0.0,0.0,0,0,1,False,False,0.05646211103705617,False,0.1,False,0.3751497202990936,AdaBoost,AdaBoost,False,0.3501309658403841
0,8,20,0,2,6,0,389,1.0,0.833333333,1,1,5,True,True,0.5410867170081094,True,0.6,True,0.5991858776636516,AdaBoost,AdaBoost,True,0.5963245355197418
0,31,57,203,25,6,18,565,0.222222222,0.0,0,0,3,True,True,0.9751631834562384,True,1.0,True,0.8387975149447948,AdaBoost,AdaBoost,True,0.8511610900068274
0,19,1,0,18,1,1,1,0.0,0.0,0,0,1,False,False,0.4411131788146969,True,0.9,True,0.8192024487012914,Voting,AdaBoost,True,0.8045692902220808
0,9,51,14,3,6,5,414,0.75,0.0,0,0,4,False,False,0.1740167378666964,True,0.8,True,0.5070219331837493,Voting,AdaBoost,True,0.4960039462494968
0,12,12,1,1,11,6,173,1.0,0.921568627,0,0,6,False,True,0.5355063848165023,True,0.7,True,0.6191022709453763,AdaBoost,AdaBoost,True,0.6169058275097288
0,16,103,317,3,16,28,865,0.8888888890000001,0.688679245,1,10,3,True,True,0.9836642009983514,True,1.0,True,0.9232301168383192,AdaBoost,AdaBoost,True,0.9288780902550011
0,2,23,26,0,2,6,155,0.0,0.913793103,0,0,1,True,False,0.4067207445709821,False,0.1,False,0.3996597979333375,AdaBoost,AdaBoost,False,0.3928131089652236
0,5,5,0,1,5,2,31,0.0,0.0,0,0,1,False,False,0.41944671148997625,True,0.9,True,0.6253851952255574,Voting,AdaBoost,True,0.623191446180791
0,11,37,3,3,10,6,281,0.0,0.4,0,0,5,False,True,0.5235938329719382,True,0.7,False,0.4969292032924585,AdaBoost,AdaBoost,False,0.5048588997080548
1,8,6,10,6,3,0,8,0.0,0.0,0,0,1,False,False,0.08805844628511539,False,0.0,False,0.021144764848876323,AdaBoost,AdaBoost,False,0.02319469017223752
0,10,26,0,3,8,8,143,0.0,0.6,2,4,5,True,True,0.6032772532357904,True,0.8,True,0.7420000583926079,AdaBoost,AdaBoost,True,0.7359949863574972
0,7,21,9,2,6,6,120,0.333333333,0.705882353,2,3,6,True,True,0.5909743947241237,True,1.0,True,0.9592135203040612,AdaBoost,AdaBoost,True,0.9405201288004528
2,5,4,3,4,2,1,6,0.0,0.0,0,0,1,False,False,0.08582999738335227,False,0.0,False,0.247462233376586,AdaBoost,AdaBoost,False,0.2334215446300951
0,9,39,0,1,8,11,480,1.0,0.545454545,2,2,13,True,True,0.8827017262906135,True,1.0,True,0.9537058291021364,AdaBoost,AdaBoost,True,0.9517297768032517
0,5,29,53,1,4,6,514,1.0,0.541666667,1,4,14,True,True,0.5237522388763693,True,0.8,True,0.8391811577183677,AdaBoost,AdaBoost,True,0.8211695229272579
5,19,19,13,18,1,5,119,0.333333333,0.0,0,0,1,True,True,0.8789545264659114,True,0.9,True,0.7136756374688745,AdaBoost,AdaBoost,True,0.7279061877877369
0,14,30,0,2,13,4,136,0.0,0.5,0,0,1,False,True,0.5230347579385035,True,0.8,True,0.6695309714701257,AdaBoost,AdaBoost,True,0.664636275488535
0,7,31,0,1,7,12,182,1.0,0.566666667,2,2,6,True,True,0.6743279206106206,True,1.0,True,0.8976296641076463,AdaBoost,AdaBoost,True,0.8897247933196397
1,14,4,0,13,1,3,25,0.333333333,0.0,0,0,1,True,False,0.4553172765760474,True,0.6,False,0.43769272594374936,RandomForest,AdaBoost,False,0.44259800284175377
0,11,13,1,1,10,3,88,1.0,0.666666667,1,3,3,True,True,0.5416138011391876,True,0.7,True,0.7389845305737426,AdaBoost,AdaBoost,True,0.7284124704595335
6,28,5,3,25,3,3,15,0.0,0.0,0,0,1,True,True,0.5798763906319554,True,0.7,True,0.5776079171794261,AdaBoost,AdaBoost,True,0.5810791328307963
0,17,14,78,11,8,12,20,0.0,0.0,0,0,1,True,True,0.7333740751418856,True,0.9,True,0.7955078340622019,AdaBoost,AdaBoost,True,0.7955707961701742
7,40,22,147,40,0,17,314,1.0,0.0,0,0,1,True,True,0.6589384271972168,True,1.0,True,0.9262548079501056,AdaBoost,AdaBoost,True,0.9143594163747687
6,16,19,70,15,1,11,121,1.0,0.0,0,0,2,True,True,0.6040568970706546,True,0.9,True,0.8503768815085831,AdaBoost,AdaBoost,True,0.8389490234851116
0,8,9,1,2,6,0,64,0.0,0.952380952,1,1,1,True,False,0.4784762178446442,True,0.7,True,0.5718015592605739,AdaBoost,AdaBoost,True,0.5706632507179463
0,4,6,0,2,3,3,44,0.0,0.5,0,0,3,False,False,0.0741248679955899,False,0.2,False,0.3554850528690556,AdaBoost,AdaBoost,False,0.33775256276296095
1,23,29,67,10,22,12,199,0.333333333,0.0,0,0,1,True,True,0.9927332672627776,True,0.9,True,0.6291713926011723,AdaBoost,AdaBoost,True,0.6557691793605743
0,2,3,1,0,2,2,7,0.0,0.0,0,0,1,False,False,0.05226125645053937,False,0.1,False,0.15047184916191966,AdaBoost,AdaBoost,False,0.1476570840824588
0,23,77,92,18,5,8,1568,0.523809524,0.0,1,1,4,True,True,0.9853666828863304,True,1.0,True,0.7223214646366837,AdaBoost,AdaBoost,True,0.736235614542039
2,4,33,42,3,1,10,478,0.625,0.548387097,1,5,8,False,True,0.8872358149812752,False,0.5,False,0.4858437309750041,AdaBoost,AdaBoost,False,0.49785469528891624
0,2,8,8,2,0,3,90,0.0,0.7142857140000001,1,2,3,False,False,0.10186794646308783,False,0.3,False,0.43209672516646064,AdaBoost,AdaBoost,False,0.4232306236497812
0,13,58,0,0,13,22,719,1.0,0.0,0,0,2,True,True,0.9391353027018828,True,0.7,True,0.7150004776696727,AdaBoost,AdaBoost,True,0.7235103828088529
0,3,19,0,1,2,5,100,0.0,0.5,1,2,1,False,False,0.11374929553419545,False,0.3,False,0.382697553853922,AdaBoost,AdaBoost,False,0.3732094235619083
3,11,4,3,10,1,0,6,0.0,0.0,0,0,1,False,False,0.12220880373178225,False,0.1,False,0.3084588455798685,AdaBoost,AdaBoost,False,0.30310204342284014
0,18,11,55,6,12,11,11,0.0,0.0,0,0,1,True,True,0.7113891419295654,True,0.7,True,0.6553299543900326,AdaBoost,AdaBoost,True,0.6573343876103609
0,4,5,0,1,3,3,65,0.666666667,0.7777777779999999,0,0,4,False,False,0.08078707225798867,False,0.4,False,0.453081091064704,AdaBoost,AdaBoost,False,0.4403646121778635
3,29,25,167,26,3,18,343,1.0,0.0,0,0,1,True,True,0.9942075951727763,True,0.9,True,0.6218006642282484,AdaBoost,AdaBoost,True,0.6399712990452254
0,9,46,102,2,8,16,454,1.0,0.413793103,2,4,7,True,True,0.9891661725181456,True,0.9,True,0.8002187440530972,AdaBoost,AdaBoost,True,0.8088388401212748
0,2,17,6,2,0,4,147,0.0,0.0,0,0,1,True,False,0.3872472661154626,False,0.4,False,0.3678192400650389,AdaBoost,AdaBoost,False,0.36880289327227433
0,6,4,1,4,2,0,39,0.0,0.923076923,1,3,4,True,False,0.09709165130440656,False,0.4,False,0.2994200405751525,AdaBoost,AdaBoost,False,0.29193582406392143
0,3,18,7,1,2,4,112,0.5,0.7,1,2,1,True,False,0.13863406302304138,True,0.8,True,0.5536176976776688,AdaBoost,AdaBoost,True,0.537092454208554
0,8,22,38,5,3,10,447,0.0,0.607142857,1,4,8,False,True,0.5374444560800725,False,0.5,True,0.6715490184843812,RandomForest,AdaBoost,True,0.6474377787645055
0,7,30,0,1,6,6,303,1.0,0.0,0,0,4,False,False,0.4696193816095353,True,0.8,False,0.4833153304779017,AdaBoost,AdaBoost,False,0.486954942923773
0,14,6,15,14,0,6,6,0.0,0.0,0,0,1,True,False,0.4286456795398551,False,0.4,True,0.6806336970931325,AdaBoost,AdaBoost,True,0.6741474833288
3,9,8,21,6,4,0,15,0.0,0.0,0,0,1,False,False,0.15071353916245153,False,0.0,False,0.04187245822978882,AdaBoost,AdaBoost,False,0.0441462977731746
1,2,12,17,1,1,8,185,0.75,0.653846154,1,5,1,False,False,0.17674316133375148,False,0.4,False,0.4600624759410612,AdaBoost,AdaBoost,False,0.4479282167444934
0,5,10,4,5,0,0,298,0.0,0.0,0,0,4,False,False,0.05708544439949561,False,0.2,False,0.3820722066862015,AdaBoost,AdaBoost,False,0.3670740001529031
0,30,97,553,22,10,28,729,0.411764706,0.686956522,1,2,6,True,True,0.9999609247805477,True,1.0,True,0.8614713580014048,AdaBoost,AdaBoost,True,0.8686950228744648
0,8,28,0,2,6,17,482,0.0,0.709677419,1,6,4,True,True,0.5217475672455149,True,0.9,True,0.8059737857230933,AdaBoost,AdaBoost,True,0.7992192605415913
1,3,16,0,1,2,0,178,1.0,0.0,0,0,3,True,False,0.09821149020669212,False,0.3,False,0.26899521305578233,AdaBoost,AdaBoost,False,0.26159167548932055
0,10,23,6,1,10,2,185,0.0,0.4,0,0,1,True,False,0.11556531062251175,False,0.2,False,0.17388659335650475,AdaBoost,AdaBoost,False,0.171485430716737
0,8,2,1,8,0,2,2,0.0,0.0,0,0,1,False,False,0.05858398069005578,False,0.4,True,0.6300635631223739,AdaBoost,AdaBoost,True,0.6146388310741131
1,2,4,1,1,1,1,9,0.0,0.923076923,1,1,1,False,False,0.4547530237705406,True,0.9,True,0.875800659380486,Voting,AdaBoost,True,0.8649089092388313
0,7,14,15,3,5,5,57,0.0,0.705882353,2,3,3,True,True,0.5738288919050448,True,0.7,True,0.6464215394256517,AdaBoost,AdaBoost,True,0.6441002895724284
0,12,21,24,2,12,5,167,0.0,0.363636364,0,0,6,False,False,0.4965343208066069,False,0.4,False,0.4186919352923119,AdaBoost,AdaBoost,False,0.422110576038973
0,10,43,0,4,7,11,292,1.0,0.607142857,2,2,7,True,True,0.7103255130645069,True,1.0,True,0.9309548554499226,AdaBoost,AdaBoost,True,0.9234407111036523
1,7,6,10,5,2,0,8,0.0,0.0,0,0,1,False,False,0.07796430509593251,False,0.0,False,0.021282525785359108,AdaBoost,AdaBoost,False,0.02253665602743551
0,17,7,1,17,0,2,21,0.0,0.0,0,0,2,True,False,0.4126690520331409,False,0.5,True,0.6649526341495957,AdaBoost,AdaBoost,True,0.6568840655516351
0,8,12,4,1,7,3,55,1.0,0.857142857,1,1,2,True,False,0.2108926717355168,True,0.7,True,0.6477229999758524,AdaBoost,AdaBoost,True,0.6323293840069248
0,3,35,196,2,2,10,729,0.707317073,0.0,0,0,3,False,True,0.9573967212148521,True,0.9,True,0.6680753949076584,AdaBoost,AdaBoost,True,0.6824021063079099
0,7,53,38,3,6,9,725,0.857142857,0.0,0,0,6,True,True,0.7376705510480591,True,0.9,True,0.5555739032075137,AdaBoost,AdaBoost,True,0.5672302278396658
0,2,25,0,1,1,11,98,0.0,0.62962963,1,5,1,False,False,0.09503930590467474,False,0.4,False,0.2571084676320138,AdaBoost,AdaBoost,False,0.2534150236483595
0,1,25,22,1,0,6,126,1.0,0.0,0,0,5,True,False,0.4063898364459883,False,0.5,True,0.5691002296680125,AdaBoost,AdaBoost,True,0.5600744825387847
0,4,3,1,3,1,2,16,0.0,0.0,0,0,0,True,False,0.05919311121914614,False,0.0,False,0.2726372228178353,AdaBoost,AdaBoost,False,0.26049089707074957
0,2,19,15,2,0,4,184,0.0,0.8125,1,1,14,True,False,0.09473741877865742,True,0.9,True,0.6138213009778232,AdaBoost,AdaBoost,True,0.5924022830266813
1,6,4,3,5,1,0,6,0.0,0.0,0,0,1,False,False,0.06165599689754366,False,0.1,False,0.1566987945567654,AdaBoost,AdaBoost,False,0.15273133483924137
0,31,128,39,4,30,0,1901,0.884615385,0.0,0,0,6,True,True,0.9873949953431854,True,0.9,True,0.8933343364876358,AdaBoost,AdaBoost,True,0.8977359452472073
0,3,23,0,1,2,8,143,0.5,0.538461538,2,2,2,False,False,0.2502189726953061,True,0.6,True,0.5374570031009599,Voting,AdaBoost,True,0.52242312971186
0,53,185,1998,18,46,0,2835,0.409836066,0.0,0,0,23,True,True,0.9999939651531992,False,0.5,True,0.6778957663548599,AdaBoost,AdaBoost,True,0.6883979849132424
0,4,21,8,0,4,7,116,1.0,0.3,2,2,2,True,True,0.6071174673301108,True,0.7,True,0.7755553829792835,AdaBoost,AdaBoost,True,0.7661731412689355
0,1,7,1,0,1,2,37,0.0,0.0,0,0,3,False,False,0.04596764868653158,False,0.0,False,0.02664835789106081,AdaBoost,AdaBoost,False,0.02711145040692946
4,10,6,0,9,1,2,22,1.0,0.7142857140000001,0,0,1,True,True,0.5838296862494265,True,1.0,True,0.7709145844408936,AdaBoost,AdaBoost,True,0.767677442273105
0,0,8,3,0,0,1,27,0.0,0.0,0,0,2,False,False,0.03563755110133727,False,0.1,False,0.1882420781467316,AdaBoost,AdaBoost,False,0.1803284152761299
2,12,2,0,12,0,0,8,0.0,0.0,0,0,0,False,False,0.09255059851943558,False,0.0,False,0.43267285809088735,AdaBoost,AdaBoost,False,0.4141442368445531
0,11,18,9,10,1,5,65,1.0,0.7333333329999999,1,1,3,True,False,0.19702557930461784,True,0.7,True,0.6479278137588826,AdaBoost,AdaBoost,True,0.6290210912430757
0,4,19,2,1,3,6,116,1.0,0.0,0,0,2,False,False,0.11336902279765047,True,0.7,True,0.7244152787843621,Voting,AdaBoost,True,0.6935081105045917
5,5,18,5,5,0,1,88,0.5,0.0,0,0,1,False,False,0.4277982378364775,True,0.6,False,0.4566504340175576,AdaBoost,AdaBoost,False,0.45861257296323227
0,6,54,98,3,6,9,509,1.0,0.0,0,0,3,True,True,0.8324158726453842,True,0.8,True,0.8156093738656767,AdaBoost,AdaBoost,True,0.8160132527257187
0,20,24,276,19,1,24,24,0.0,0.0,0,0,1,True,True,0.9721703840045262,True,0.9,True,0.8221525176433636,AdaBoost,AdaBoost,True,0.8307032106371008
0,1,5,1,1,0,0,44,0.0,0.0,0,0,0,True,False,0.03753281019590752,False,0.0,False,0.0649080887903645,AdaBoost,AdaBoost,False,0.06258472649941073
2,10,27,1,2,8,6,136,1.0,0.666666667,2,3,5,True,True,0.6619260185970465,True,1.0,True,0.9246068229146701,AdaBoost,AdaBoost,True,0.9110462954156529
0,4,8,19,4,0,7,49,0.0,0.0,0,0,2,True,False,0.0826245885846273,False,0.0,False,0.3730076971605506,AdaBoost,AdaBoost,False,0.353678598550236
0,4,7,3,0,4,3,20,0.0,0.7777777779999999,2,3,1,False,False,0.2090732893400488,True,0.8,True,0.5994073272503933,Voting,AdaBoost,True,0.5871361501431747
0,3,12,3,0,3,6,69,1.0,0.5555555560000001,0,0,1,False,False,0.4444596988259915,False,0.3,False,0.4486865683849353,AdaBoost,AdaBoost,False,0.4453138479019887
0,16,33,3,1,16,6,297,1.0,0.88372093,2,3,1,True,True,0.9758042737288726,True,1.0,True,0.7631109461789469,AdaBoost,AdaBoost,True,0.7779659909931333
1,6,21,2,3,4,7,278,1.0,0.533333333,1,3,1,True,True,0.5389026201658528,True,0.9,True,0.6654319600620199,AdaBoost,AdaBoost,True,0.6651979750483785
0,1,10,21,1,0,7,155,0.0,0.0,0,0,4,False,False,0.07427837788605958,False,0.1,False,0.4643354449906778,AdaBoost,AdaBoost,False,0.4403193205887504
0,3,32,1,1,2,6,346,1.0,0.444444444,1,2,2,False,False,0.494708754505719,True,0.8,True,0.6805594166443629,Voting,AdaBoost,True,0.6743019759253255
0,12,77,64,3,10,5,1021,0.818181818,0.0,0,0,2,True,True,0.5454612844682527,False,0.3,False,0.4771819459631735,Voting,AdaBoost,False,0.47705902467912203
0,17,58,37,4,17,4,751,0.0,0.35,0,0,5,True,True,0.8984870875117298,True,0.8,True,0.6224399386937826,AdaBoost,AdaBoost,True,0.6389553541477355
0,14,45,79,2,12,6,629,1.0,0.0,0,0,4,True,True,0.9203554637383748,True,0.8,True,0.6486923340038522,AdaBoost,AdaBoost,True,0.6644118944920248
0,13,24,69,0,13,12,723,0.571428571,0.454545455,0,0,1,False,True,0.9590992169022338,True,0.9,True,0.6449127134069306,AdaBoost,AdaBoost,True,0.6649166579342212
0,6,22,1,0,6,2,172,0.0,0.0,0,0,1,False,False,0.08654206576829278,True,0.6,True,0.5589217553419772,Voting,AdaBoost,True,0.5348476132241242
1,6,9,21,2,5,1,15,0.0,0.0,0,0,1,True,False,0.08669027355896973,True,0.7,False,0.4486207030760074,RandomForest,AdaBoost,False,0.43969973959965664
0,8,8,15,2,8,1,30,0.0,0.444444444,0,0,1,False,False,0.0980162156162147,True,0.6,True,0.5334241089685834,Voting,AdaBoost,True,0.5144845438350958
0,4,7,3,2,2,3,28,0.0,0.0,0,0,2,False,False,0.05817593787541761,False,0.1,False,0.4452598239186733,AdaBoost,AdaBoost,False,0.4312997485649455
3,16,3,1,15,1,2,5,0.0,0.0,0,0,1,True,False,0.4624646621207258,True,0.8,True,0.5776717809050523,AdaBoost,AdaBoost,True,0.5761693803564499
0,2,2,0,1,1,0,18,0.0,0.0,0,0,0,False,False,0.3705080283468665,True,0.6,False,0.4556324849984346,AdaBoost,AdaBoost,False,0.4543572838802816
0,2,4,0,0,2,2,33,1.0,0.0,0,0,3,False,False,0.41015521440721603,False,0.3,False,0.2130980426460632,AdaBoost,AdaBoost,False,0.22050455292293528
1,41,21,64,41,0,11,197,1.0,0.0,0,0,4,True,True,0.9715350542183234,True,1.0,True,0.7832596258768859,AdaBoost,AdaBoost,True,0.7923583458553202
0,17,5,10,17,0,5,5,0.0,0.0,0,0,1,True,False,0.4422857137053146,True,0.7,True,0.5558432745791807,AdaBoost,AdaBoost,True,0.5538628102646383
0,7,14,0,3,4,0,108,0.333333333,0.0,0,0,5,True,False,0.078800656479163,False,0.4,True,0.565986163593423,AdaBoost,AdaBoost,True,0.5499148591683484
0,2,10,5,1,2,5,1311,1.0,0.428571429,0,0,5,True,False,0.4245027346654778,False,0.4,False,0.3619305871563517,AdaBoost,AdaBoost,False,0.3645731863054769
0,5,12,0,4,1,5,387,0.2,0.0,0,0,4,False,False,0.07607529701242867,False,0.3,False,0.4963212663960384,AdaBoost,AdaBoost,False,0.4774338200731243
0,0,25,3,0,0,2,165,0.0,0.0,0,0,1,False,False,0.053533616285291935,False,0.2,False,0.3497506939662093,AdaBoost,AdaBoost,False,0.3363029827135278
0,1,15,4,0,1,6,240,0.5,0.0,0,0,8,False,False,0.42306824986266256,False,0.3,False,0.26947073291650786,AdaBoost,AdaBoost,False,0.27356425712960897
0,9,40,70,2,7,16,267,1.0,0.575757576,1,5,1,False,True,0.9233846613831659,True,0.9,True,0.6299293774539471,AdaBoost,AdaBoost,True,0.6433643703013038
0,14,52,0,3,14,5,584,0.333333333,0.352941176,0,0,20,False,True,0.9364315987602896,True,0.8,True,0.5598610569000256,AdaBoost,AdaBoost,True,0.5758924226360296
0,7,6,0,7,0,2,83,0.125,0.0,1,1,5,True,False,0.12057874866075508,False,0.3,False,0.4678270477512117,AdaBoost,AdaBoost,False,0.457612733957327
0,10,20,0,3,9,6,84,1.0,0.28571428600000004,2,2,2,True,True,0.6332211882106348,True,0.8,True,0.5629938364844583,AdaBoost,AdaBoost,True,0.5663365685691765
0,9,18,0,2,8,7,228,0.5,0.7142857140000001,1,2,1,True,False,0.20720921499997416,True,0.8,True,0.5505022790404828,AdaBoost,AdaBoost,True,0.543181957794954
0,3,15,11,0,3,6,110,1.0,0.5555555560000001,0,0,4,False,False,0.12274971789097698,False,0.3,False,0.42118693698101695,AdaBoost,AdaBoost,False,0.4111853142177424
0,4,15,0,1,3,6,113,1.0,0.615384615,1,3,1,True,False,0.4883125661031756,True,0.8,True,0.6914180371354938,AdaBoost,AdaBoost,True,0.684559947482267
0,12,66,99,3,9,2,1164,0.470588235,0.0,0,0,2,False,True,0.5265359710961839,True,1.0,True,0.7032307101626395,AdaBoost,AdaBoost,True,0.7004496259160666
0,0,18,0,0,0,3,127,0.5,0.0,0,0,6,True,False,0.4055216417349205,False,0.2,False,0.3547678212114191,AdaBoost,AdaBoost,False,0.3567345260815535
0,4,22,32,3,1,10,135,0.8,0.0,1,1,7,False,True,0.5550949084472403,False,0.4,False,0.4556566509453094,AdaBoost,AdaBoost,False,0.45898806003755327
0,3,15,2,0,3,3,708,0.5,0.7,1,2,79,False,True,0.9303723326020812,False,0.4,False,0.4763519141292495,AdaBoost,AdaBoost,False,0.49144378996000704
0,7,63,208,2,7,11,531,0.7692307690000001,0.08,0,0,4,True,True,0.6115396918132866,True,1.0,True,0.6786246645140912,AdaBoost,AdaBoost,True,0.6799854324395768
0,3,5,0,2,2,1,33,1.0,0.923076923,1,4,1,False,False,0.4401557984690719,True,0.6,False,0.4710603140152077,AdaBoost,AdaBoost,False,0.47084173054912454
0,4,8,0,0,4,3,28,1.0,0.5,1,1,1,True,False,0.4948433619213262,True,0.6,True,0.5931131285983144,AdaBoost,AdaBoost,True,0.5901717664668568
0,1,16,99,1,0,14,3574,0.0,0.0,0,0,8,True,True,0.7324248406035997,True,0.8,False,0.4988044999976494,AdaBoost,AdaBoost,False,0.5105127603677447
0,15,96,60,0,15,8,1498,0.5,0.0,0,0,3,True,True,0.9409804451989492,True,0.9,True,0.6771194190396971,AdaBoost,AdaBoost,True,0.6889849413603532
0,3,17,19,3,1,0,133,0.5,0.0,0,0,2,False,False,0.4106240735453764,True,0.6,False,0.4981124934832988,AdaBoost,AdaBoost,False,0.4949774903974248
0,2,6,10,1,1,4,15,0.0,0.5,1,2,1,False,False,0.09110637378190274,False,0.2,False,0.4464117991161382,AdaBoost,AdaBoost,False,0.4374393756444824
0,8,2,0,8,0,1,5,0.0,1.0,0,0,0,False,False,0.05652509451053081,False,0.2,False,0.038727594974995366,AdaBoost,AdaBoost,False,0.04007913033844783
0,12,22,61,11,1,13,175,0.0,0.0,0,0,3,True,False,0.1785210431680757,True,0.7,True,0.7426547622217328,AdaBoost,AdaBoost,True,0.7240272436003898
0,12,10,2,2,12,5,74,0.0,0.5,0,0,3,True,False,0.4861014371077408,False,0.3,False,0.491739459194233,AdaBoost,AdaBoost,False,0.4902071791091947
0,44,392,6747,16,34,88,8474,0.7377049179999999,0.0,0,0,7,True,True,0.999999999999976,True,0.9,True,0.8177380044637439,AdaBoost,AdaBoost,True,0.8251039527043572
0,6,27,0,1,5,11,348,1.0,0.571428571,2,3,15,True,True,0.9345926302363528,True,0.9,True,0.8826470089250031,AdaBoost,AdaBoost,True,0.8850891799257238
0,4,8,3,0,4,3,31,0.0,0.7142857140000001,1,2,1,True,False,0.439859413729484,True,0.9,True,0.8547648133535556,AdaBoost,AdaBoost,True,0.8398730335774544
0,9,16,91,9,0,14,228,0.0,0.0,0,0,2,True,False,0.21709129314796027,True,0.8,True,0.7627894235455582,AdaBoost,AdaBoost,True,0.742970989824382
1,4,22,0,1,3,1,481,1.0,0.0,0,0,2,False,False,0.4784653950735203,False,0.5,True,0.6163554561263292,AdaBoost,AdaBoost,True,0.6117094692895062
0,9,41,2,1,9,15,386,0.333333333,0.6333333329999999,1,6,2,True,True,0.8810060058792825,True,0.7,True,0.5665321270944697,AdaBoost,AdaBoost,True,0.5802477342081185
0,22,46,0,9,16,4,770,0.0,0.222222222,1,1,12,True,True,0.6393836267593062,True,0.7,True,0.6128767131285788,AdaBoost,AdaBoost,True,0.6150034381604107
2,9,9,28,5,5,0,16,0.0,0.0,0,0,1,False,False,0.11032245457928501,False,0.3,False,0.2690572746840697,AdaBoost,AdaBoost,False,0.26529342202638834
5,20,8,15,14,7,5,17,0.0,0.705882353,1,1,1,True,True,0.6262399170381148,True,0.7,True,0.5924684692626918,AdaBoost,AdaBoost,True,0.5944365638670936
2,7,14,8,5,2,6,103,1.0,0.384615385,1,2,2,False,True,0.5609896345204767,False,0.5,True,0.6092580849561972,RandomForest,AdaBoost,True,0.6068804201995962
1,22,95,0,4,20,21,1118,1.0,0.7307692309999999,2,11,6,True,True,0.9947499917667464,True,1.0,True,0.9869061842631328,AdaBoost,AdaBoost,True,0.9873695328877059
1,34,168,2716,1,33,44,3477,0.571428571,0.0,0,0,23,True,True,0.9999901645825848,True,0.8,True,0.9800192209537659,AdaBoost,AdaBoost,True,0.9784076853846995
0,19,40,17,2,19,2,599,0.0,0.4,0,0,15,True,True,0.9017893641827144,True,0.7,True,0.563764186227372,AdaBoost,AdaBoost,True,0.578132160230346
1,39,183,1464,13,33,28,2234,0.580645161,0.6050955410000001,2,15,30,True,True,0.9998845611471348,True,0.8,True,0.916750703600928,AdaBoost,AdaBoost,True,0.9183186212534767
0,5,8,3,1,4,3,31,0.0,0.7142857140000001,1,2,1,True,False,0.4454056373615229,True,1.0,True,0.7862553360676082,AdaBoost,AdaBoost,True,0.775627374965682
0,22,62,172,2,21,5,438,0.75,0.4,1,4,7,True,True,0.9633130349268976,True,0.9,True,0.7135779082734648,AdaBoost,AdaBoost,True,0.7253151518975981
0,6,25,0,3,3,0,378,0.0,0.75,1,3,26,False,False,0.4379741898581451,True,0.6,True,0.6004677828145497,Voting,AdaBoost,True,0.5860900486994023
4,8,11,8,4,4,8,54,1.0,0.4166666670000001,2,2,4,True,True,0.9365436831676464,True,0.9,True,0.6180332257474951,AdaBoost,AdaBoost,True,0.6330648763539096
7,23,3,1,23,0,2,5,0.0,0.0,0,0,1,True,True,0.921214474310788,True,0.7,True,0.8467105432228739,AdaBoost,AdaBoost,True,0.8479769172042467
0,13,25,46,3,11,3,364,0.0,0.352941176,0,0,14,False,False,0.4904317465423837,False,0.3,False,0.4525995996001271,AdaBoost,AdaBoost,False,0.45207784098227594
2,5,9,21,5,1,6,18,0.0,0.0,0,0,1,False,False,0.4420460076310784,False,0.5,False,0.3882981808694002,AdaBoost,AdaBoost,False,0.3903324977314861
0,7,32,0,1,7,12,224,1.0,0.566666667,2,2,6,True,True,0.6785084465463872,True,1.0,True,0.8969244088267035,AdaBoost,AdaBoost,True,0.8919103979429475
0,5,15,4,1,4,2,133,0.5,0.7777777779999999,1,2,1,False,False,0.14096139758194134,True,0.8,False,0.33788646424113106,AdaBoost,AdaBoost,False,0.32921962062774207
0,8,19,8,3,6,7,93,1.0,0.6315789470000001,2,3,5,True,True,0.6139710675671285,True,1.0,True,0.8946284475725224,AdaBoost,AdaBoost,True,0.8880508005300093
0,14,31,0,0,14,13,120,1.0,0.6,0,0,1,True,True,0.7556550146182731,True,0.9,True,0.5064574745026594,AdaBoost,AdaBoost,True,0.5211489955370415
0,12,57,0,0,12,23,200,1.0,0.73,1,9,1,True,True,0.5806108414811062,True,0.8,True,0.7193074951136333,AdaBoost,AdaBoost,True,0.7156720490763143
0,2,27,18,1,1,6,567,1.0,0.0,0,0,8,True,False,0.14464877562693615,True,0.6,True,0.564259423894198,AdaBoost,AdaBoost,True,0.549103716337982
0,3,11,3,1,3,2,30,0.0,0.958333333,1,1,1,True,False,0.4486220007699617,True,0.6,True,0.5549681228384326,AdaBoost,AdaBoost,True,0.5517252195570251
0,5,9,3,2,3,0,47,0.0,0.857142857,1,3,4,False,False,0.4162066734714014,False,0.4,False,0.4568188281991406,AdaBoost,AdaBoost,False,0.45467713713032776
0,21,37,0,8,16,2,340,0.333333333,0.5,0,0,1,True,True,0.8445499517659737,True,0.6,False,0.4954718325162996,AdaBoost,AdaBoost,False,0.5084885149576879
0,4,22,0,3,1,14,227,1.0,0.0,1,1,6,False,False,0.24329049415567397,True,0.7,False,0.4623783888518579,AdaBoost,AdaBoost,False,0.4578739257453436
0,4,7,0,2,3,3,36,0.0,0.666666667,0,0,1,False,False,0.0664688371953029,False,0.1,False,0.46248226475090104,AdaBoost,AdaBoost,False,0.44418163017404194
0,10,7,10,3,8,3,28,0.0,0.5,0,0,1,False,False,0.4386082319250401,False,0.3,False,0.3758446874376219,AdaBoost,AdaBoost,False,0.37753916389638204
0,6,25,0,3,3,10,180,1.0,0.0,0,0,3,True,False,0.16333623315046594,True,0.6,False,0.4834671500845134,RandomForest,AdaBoost,False,0.46896730518628493
0,6,6,10,2,5,4,11,0.0,0.0,0,0,1,True,False,0.41786431942304825,False,0.3,False,0.4352388948922647,AdaBoost,AdaBoost,False,0.4342554742145821
0,23,47,0,10,16,7,1605,0.291666667,0.181818182,0,0,12,False,True,0.6491731961319371,True,0.9,True,0.5874763417426174,AdaBoost,AdaBoost,True,0.5938621041917689
0,16,69,0,0,16,24,801,1.0,0.701923077,1,9,4,True,True,0.9490789358359656,True,1.0,True,0.9770161044306508,AdaBoost,AdaBoost,True,0.9763135108311247
0,3,2,0,3,0,1,5,0.0,1.0,0,0,0,False,False,0.05154337278300408,False,0.0,False,0.1830594362265873,AdaBoost,AdaBoost,False,0.17960789174670239
1,7,25,0,2,5,5,190,1.0,0.571428571,1,3,1,True,True,0.5331270075421249,True,1.0,True,0.8237830269797708,AdaBoost,AdaBoost,True,0.8123148809053397
0,10,48,0,3,9,13,359,1.0,0.5862068970000001,2,2,7,True,True,0.984358648266026,True,1.0,True,0.8390247803560024,AdaBoost,AdaBoost,True,0.8464427745678704
0,13,46,32,2,12,3,409,0.5,0.4166666670000001,0,0,1,False,False,0.2036280758304867,False,0.5,False,0.4719575709145464,AdaBoost,AdaBoost,False,0.4589587307579133
0,4,10,0,2,2,0,182,1.0,0.625,1,1,2,False,True,0.5030514374071945,False,0.5,False,0.4977121079681621,AdaBoost,AdaBoost,False,0.4979521118765028
0,5,30,0,1,4,0,227,0.0,0.0,0,0,7,True,False,0.052913388082225336,True,0.6,False,0.4544506102217893,RandomForest,AdaBoost,False,0.44991123862793386
0,5,51,253,1,4,7,3060,0.210526316,0.0,0,0,112,True,True,0.5036754644451881,True,0.8,True,0.5602742605639736,AdaBoost,AdaBoost,True,0.5608281540849965
0,7,7,3,4,5,2,21,0.0,0.0,0,0,1,True,False,0.4248804964800288,False,0.5,True,0.5749418481782588,AdaBoost,AdaBoost,True,0.5706507944319327
1,11,20,9,5,7,6,74,0.0,0.666666667,2,3,4,True,True,0.6156844471639862,True,0.9,True,0.7816986408288731,AdaBoost,AdaBoost,True,0.7777107144470492
5,38,8,15,37,1,6,21,0.0,0.0,0,0,1,True,True,0.9457748890282414,True,0.9,True,0.6954111303094722,AdaBoost,AdaBoost,True,0.7059703204789669
2,3,15,8,2,2,7,48,0.0,0.5,1,1,1,False,False,0.20930049672195167,False,0.5,False,0.4676756902154393,AdaBoost,AdaBoost,False,0.45847550604112136
0,7,17,0,2,7,5,71,1.0,0.333333333,1,1,1,False,False,0.25403962668144914,True,0.6,True,0.5876236722922121,Voting,AdaBoost,True,0.5784297818261753
0,13,42,0,2,11,2,599,0.571428571,0.0,0,0,1,True,False,0.1756387795302166,True,0.8,True,0.5041333046411356,AdaBoost,AdaBoost,True,0.4961341759505185
0,10,31,0,1,9,7,409,1.0,0.5,1,3,2,True,True,0.5763224850554008,True,0.7,True,0.7342784223735308,AdaBoost,AdaBoost,True,0.7279313581471359
0,7,12,1,0,7,1,52,0.0,0.947368421,0,0,5,True,False,0.07599302244004467,True,0.6,False,0.4748871455228042,RandomForest,AdaBoost,False,0.46211723194897375
0,7,21,9,2,6,6,120,0.333333333,0.705882353,2,3,6,True,True,0.6038598872949832,True,1.0,True,0.9336396104081373,AdaBoost,AdaBoost,True,0.9200185022863894
0,19,77,170,3,17,0,1041,0.846153846,0.0,0,0,5,True,True,0.9198239105813324,True,0.9,True,0.8761026179366881,AdaBoost,AdaBoost,True,0.8778099094961728
9,12,14,8,12,0,9,293,1.0,0.0,0,0,7,True,True,0.9521690961451236,True,1.0,True,0.5614574584814556,AdaBoost,AdaBoost,True,0.5787456552345385
15,54,39,72,51,7,12,249,1.0,0.0,0,0,9,True,True,0.9994576771700048,True,0.9,True,0.7543078048563349,AdaBoost,AdaBoost,True,0.7640287644991952
0,5,18,4,4,3,4,112,1.0,0.0,0,0,2,True,False,0.4734499952523569,True,0.6,True,0.546865177530116,AdaBoost,AdaBoost,True,0.5444965901805462
2,53,26,124,51,4,16,94,1.0,0.0,0,0,1,True,True,0.9958589569939341,True,0.9,True,0.8599217343232005,AdaBoost,AdaBoost,True,0.8648949421670379
0,9,28,0,1,8,6,149,1.0,0.705882353,2,3,4,True,True,0.6453755454625242,True,1.0,True,0.8282722985452865,AdaBoost,AdaBoost,True,0.8205123163518481
0,5,32,10,3,3,9,245,0.1875,0.4375,2,3,1,True,False,0.276889323407544,True,0.7,True,0.541324688377823,AdaBoost,AdaBoost,True,0.5353583742558183
0,3,19,2,0,3,5,188,0.8,0.625,0,0,18,False,False,0.435087396671772,False,0.4,False,0.3443301906117603,AdaBoost,AdaBoost,False,0.34842008100181976
0,7,21,9,2,6,6,120,0.333333333,0.705882353,2,3,6,True,True,0.6038598872949832,True,1.0,True,0.9336396104081373,AdaBoost,AdaBoost,True,0.9200185022863894
0,6,21,0,1,6,5,90,0.666666667,0.5,2,2,3,False,False,0.28549098054019223,False,0.5,False,0.34466284474355696,AdaBoost,AdaBoost,False,0.3436420644508816
0,2,10,0,0,2,4,83,0.0,0.0,0,0,2,False,False,0.06340959883057326,False,0.3,False,0.2813622742167074,AdaBoost,AdaBoost,False,0.27523922508673
0,1,44,13,1,0,13,1158,1.0,0.0,0,0,26,False,True,0.797107370858766,True,0.8,True,0.7089595236284139,AdaBoost,AdaBoost,True,0.7128506362282759
0,25,4,6,24,1,4,4,0.0,0.0,0,0,1,False,False,0.3000760292751031,True,0.7,True,0.6161719296908154,Voting,AdaBoost,True,0.6044577054362438
0,4,9,0,2,3,3,31,0.5,0.25,0,0,1,True,False,0.09405629730887156,False,0.2,False,0.4363733540023159,AdaBoost,AdaBoost,False,0.42442947216408367
2,28,17,19,26,2,5,72,0.0,0.0,0,0,1,True,True,0.869224650312638,True,0.6,True,0.6889496402064437,AdaBoost,AdaBoost,True,0.6933004892077204
0,8,29,0,0,8,7,118,1.0,0.333333333,1,1,3,True,True,0.5878970079817178,True,0.6,True,0.6912453108461404,AdaBoost,AdaBoost,True,0.6858093757398642
0,8,38,0,1,7,9,695,1.0,0.222222222,2,2,14,True,True,0.8514067329721935,True,1.0,True,0.886489493508295,AdaBoost,AdaBoost,True,0.8864736926981144
0,2,2,1,1,1,2,2,0.0,0.0,0,0,1,False,False,0.05419254466693834,False,0.1,False,0.07688825136906448,AdaBoost,AdaBoost,False,0.07645328318704245
0,6,21,0,1,6,5,97,0.333333333,0.5,2,2,3,False,False,0.27248200629784763,False,0.3,False,0.17046553928203115,AdaBoost,AdaBoost,False,0.17461720541089146
0,4,16,0,1,3,6,179,1.0,0.571428571,1,3,1,True,False,0.4963618140220029,True,0.8,True,0.7817022741537265,AdaBoost,AdaBoost,True,0.7671028727407753
0,4,18,2,0,4,2,78,0.333333333,0.7777777779999999,1,2,1,False,False,0.13267822817968736,False,0.2,False,0.24518845223063554,AdaBoost,AdaBoost,False,0.24163779400175575
0,10,44,1,2,8,0,658,0.523809524,0.0,0,0,7,True,False,0.4581201703571334,True,0.8,True,0.672238105152458,AdaBoost,AdaBoost,True,0.6663911984586259
0,3,15,0,1,2,0,158,1.0,0.5625,1,3,1,False,False,0.1216005379429628,False,0.4,False,0.4217426460759751,AdaBoost,AdaBoost,False,0.4059633249896218
1,22,53,0,2,21,14,577,1.0,0.605263158,1,5,6,True,True,0.6410930096409934,True,1.0,True,0.9627728794134044,AdaBoost,AdaBoost,True,0.9518674446197586
0,11,39,0,4,7,4,394,0.533333333,0.294117647,1,2,1,False,True,0.547136998745242,True,0.9,True,0.5733106069003531,AdaBoost,AdaBoost,True,0.5725855765860497
0,13,48,12,4,10,13,413,1.0,0.428571429,2,4,7,True,True,0.9739266817552966,True,1.0,True,0.8125558948905596,AdaBoost,AdaBoost,True,0.8215024283673434
0,4,27,7,4,0,4,135,0.5,0.0,0,0,5,True,False,0.4019816919671295,False,0.5,True,0.5022702183257886,AdaBoost,AdaBoost,True,0.4969680532674182
0,5,26,80,2,5,8,207,0.857142857,0.083333333,0,0,2,True,False,0.1807744342292058,False,0.3,True,0.6382391650286308,AdaBoost,AdaBoost,True,0.6184207895761599
1,7,7,15,4,4,0,9,0.0,0.0,0,0,1,False,False,0.09459425561059824,False,0.2,False,0.29358672948994097,AdaBoost,AdaBoost,False,0.28829280336171975
0,6,7,0,1,5,3,123,1.0,0.625,0,0,5,False,False,0.4379938582227468,False,0.5,False,0.4195958941764345,AdaBoost,AdaBoost,False,0.4212571683121587
1,7,37,0,2,5,9,357,1.0,0.444444444,1,3,1,True,True,0.5572757495958232,True,0.9,True,0.8416839809452155,AdaBoost,AdaBoost,True,0.8296932551036442
0,2,1,0,2,0,0,179,0.0,0.0,0,0,0,False,False,0.05203124492456256,False,0.4,False,0.43810550016399424,AdaBoost,AdaBoost,False,0.4180023991769033
1,7,8,21,4,4,0,15,0.0,0.0,0,0,1,False,False,0.096954386827002,False,0.2,False,0.4429469918669006,AdaBoost,AdaBoost,False,0.4325597444159815
0,24,64,72,1,24,2,856,0.2,0.388888889,1,1,4,True,True,0.9843514840566822,True,0.9,True,0.7650276643155537,AdaBoost,AdaBoost,True,0.7746617174009823
0,14,43,10,4,13,5,498,0.0,0.352941176,0,0,9,True,False,0.18130139979633733,False,0.1,False,0.4533635367295354,AdaBoost,AdaBoost,False,0.44188341757965793
0,3,5,0,1,2,3,27,0.0,0.892857143,1,2,1,True,False,0.11226732373105502,False,0.4,False,0.4740574883834442,AdaBoost,AdaBoost,False,0.4614086629382081
0,11,10,2,11,0,8,83,0.666666667,0.0,1,1,5,True,False,0.21588032189676568,True,1.0,True,0.7397727052299152,AdaBoost,AdaBoost,True,0.7286260898935668
0,7,21,9,2,6,6,120,0.333333333,0.705882353,2,3,6,True,True,0.5995484572405317,True,1.0,True,0.9614062967324014,AdaBoost,AdaBoost,True,0.9448958771321786
2,5,3,1,2,3,2,5,0.0,0.666666667,0,0,1,False,False,0.08963727545318219,False,0.1,False,0.1759856486335251,AdaBoost,AdaBoost,False,0.17353935045903074
1,7,13,0,2,5,4,117,1.0,0.25,0,0,4,True,False,0.4688012754019447,False,0.4,False,0.4558074522321352,AdaBoost,AdaBoost,False,0.4557527380885928
0,5,7,0,4,1,3,106,0.14285714300000002,0.0,0,0,2,False,False,0.0701306640278994,False,0.0,False,0.2701355038407,AdaBoost,AdaBoost,False,0.26114474315178937
0,4,8,3,0,4,3,31,0.0,0.7142857140000001,1,2,1,True,False,0.4631945080632158,True,0.9,True,0.936008226269657,AdaBoost,AdaBoost,True,0.9177629213776806
2,18,97,114,8,10,24,1037,0.8,0.413043478,1,8,3,True,True,0.9720769359884979,True,0.9,True,0.8626982438088454,AdaBoost,AdaBoost,True,0.8665866272051324
0,3,19,7,0,3,3,107,0.5,0.636363636,2,3,1,True,True,0.5678091947990772,False,0.3,True,0.5268802970777134,AdaBoost,AdaBoost,True,0.5255251274576966
0,7,18,0,6,2,10,104,1.0,0.0,1,1,4,False,True,0.5643148046115052,True,0.7,True,0.6369025575687374,AdaBoost,AdaBoost,True,0.6353779408141828
0,2,3,3,2,0,3,3,0.0,0.0,0,0,1,False,False,0.05431529850429696,False,0.2,False,0.22966704800425955,AdaBoost,AdaBoost,False,0.2253383111023476
0,2,12,0,1,1,5,82,0.5,0.5,1,2,1,False,False,0.13512574967012064,False,0.2,False,0.4003880435595159,AdaBoost,AdaBoost,False,0.3910904720481179
0,4,7,6,1,3,4,24,1.0,0.571428571,0,0,1,False,False,0.0954189425890466,False,0.4,False,0.489621952347868,AdaBoost,AdaBoost,False,0.4771338968129282
1,23,2,0,23,0,1,12,0.0,0.0,0,0,0,True,False,0.2159980196163424,False,0.1,False,0.3380094260395473,AdaBoost,AdaBoost,False,0.3323642481172132
1,4,15,0,3,1,7,133,1.0,0.0,0,0,4,False,False,0.11931489228236344,False,0.3,False,0.3739570592767816,AdaBoost,AdaBoost,False,0.36016688380813955
3,8,7,15,6,2,6,12,0.0,0.0,1,1,1,False,True,0.5756179945805936,True,0.6,False,0.4567285862494682,AdaBoost,AdaBoost,False,0.4600917910048229
0,3,12,2,0,3,2,79,0.0,0.7777777779999999,1,2,1,False,False,0.1018567673483381,False,0.0,False,0.3122008137018641,AdaBoost,AdaBoost,False,0.3057709713989413
0,24,41,0,4,20,14,205,0.5,0.6764705879999999,1,3,1,True,True,0.9652958226897664,True,1.0,True,0.897126219226882,AdaBoost,AdaBoost,True,0.8992176462771457
0,3,18,0,2,1,4,408,0.4,0.8666666670000001,1,1,14,True,False,0.4648117797708818,True,0.8,True,0.5463660644018612,AdaBoost,AdaBoost,True,0.5461140249361264
0,3,8,3,1,2,5,54,0.0,0.833333333,1,2,1,True,False,0.4428741165862624,False,0.1,True,0.5859682363705845,AdaBoost,AdaBoost,True,0.5759917557513067
0,48,6,15,45,4,6,6,0.0,0.0,0,0,1,True,True,0.6354647308811391,False,0.5,False,0.4920623375153972,Voting,AdaBoost,False,0.49969925623235956
17,40,10,13,36,4,4,44,1.0,0.375,0,0,1,True,True,0.9956994812877364,True,0.9,True,0.8317949086586862,AdaBoost,AdaBoost,True,0.8359529468583377
4,128,131,2812,104,25,62,722,0.571428571,0.0,0,0,12,True,True,0.9999999999888268,True,0.9,True,0.9942049321612868,AdaBoost,AdaBoost,True,0.993674335856564
0,2,29,100,2,1,12,569,1.0,0.538461538,2,11,6,True,True,0.5618657513114413,False,0.5,True,0.5404740538325438,AdaBoost,AdaBoost,True,0.5407748615784682
1,5,4,3,5,0,0,6,0.0,0.0,0,0,1,False,False,0.06654892368735953,False,0.0,False,0.12567522306226175,AdaBoost,AdaBoost,False,0.12398799049823055
0,10,16,0,1,9,2,238,0.14285714300000002,0.0,0,0,1,False,False,0.4511081155658177,False,0.3,False,0.4596320238043561,AdaBoost,AdaBoost,False,0.45837737316459354
0,3,14,4,2,1,4,145,0.666666667,0.0,0,0,7,False,False,0.4209867804329321,True,0.7,False,0.4837029324843042,AdaBoost,AdaBoost,False,0.4812450934458529
0,3,4,1,2,1,1,9,0.0,0.928571429,1,1,1,True,False,0.09704737940138897,False,0.3,False,0.4183482223087643,AdaBoost,AdaBoost,False,0.4108347717345762
1,12,69,0,9,4,54,1531,1.0,0.018867925,1,1,8,True,True,0.9962334596337472,True,0.8,True,0.7644457367168092,AdaBoost,AdaBoost,True,0.7711913292820713
0,8,29,0,5,3,9,1538,1.0,0.0,0,0,10,True,True,0.8698260416505894,True,0.7,True,0.543288954060692,AdaBoost,AdaBoost,True,0.5535760098978866
3,7,34,140,3,4,21,593,1.0,0.0,0,0,20,True,True,0.939348636988012,True,0.9,True,0.6330206088995032,AdaBoost,AdaBoost,True,0.6435531543092509
0,7,38,0,2,6,11,318,1.0,0.5,2,5,6,True,True,0.8718965250911294,True,0.9,True,0.8767167310084476,AdaBoost,AdaBoost,True,0.8767529221424575
4,12,8,17,11,1,5,28,1.0,0.0,0,0,1,False,True,0.7029612422103728,True,1.0,True,0.7226962240384799,AdaBoost,AdaBoost,True,0.724173023619712
4,14,5,6,14,0,4,7,0.0,0.0,0,0,1,True,True,0.6861975665154755,True,0.7,True,0.6165621551078987,AdaBoost,AdaBoost,True,0.618223206686569
0,15,34,26,3,14,5,480,0.928571429,0.0,0,0,4,True,True,0.5942032680799042,True,0.6,True,0.5429576100887348,AdaBoost,AdaBoost,True,0.5443573624773772
0,8,29,26,1,7,7,461,1.0,0.444444444,1,3,2,True,True,0.5587247160557003,False,0.4,True,0.5807478191183826,AdaBoost,AdaBoost,True,0.5789900176454162
1,10,28,0,2,8,10,122,1.0,0.653846154,2,2,4,True,True,0.6419544086626988,True,1.0,True,0.9678475779229064,AdaBoost,AdaBoost,True,0.952612721509177
0,1,6,3,1,0,2,62,0.0,0.0,0,0,4,False,False,0.05057508510914466,False,0.1,False,0.4420002301179785,AdaBoost,AdaBoost,False,0.42703657305933446
0,4,6,0,3,1,5,35,1.0,0.0,0,0,1,False,False,0.10800655281401113,False,0.3,False,0.475910500243881,AdaBoost,AdaBoost,False,0.4615091667396069
0,3,17,0,1,2,6,236,0.875,0.708333333,1,4,2,False,False,0.1415651597464893,False,0.2,True,0.5270915228330982,AdaBoost,AdaBoost,True,0.5152727102660366
3,41,29,270,30,14,23,138,1.0,0.0,0,0,1,True,True,0.9982832515488024,True,1.0,True,0.9545820070623566,AdaBoost,AdaBoost,True,0.9561384980687244
0,6,8,4,2,5,2,42,0.0,0.896551724,1,1,4,True,False,0.4684949381409095,True,0.9,True,0.6715025894704603,AdaBoost,AdaBoost,True,0.6650355222672822
6,15,10,9,14,1,4,31,1.0,0.0,0,0,1,True,True,0.9042961855029468,True,1.0,True,0.7552669376981699,AdaBoost,AdaBoost,True,0.7608877834724791
0,5,17,3,2,3,4,102,1.0,0.571428571,0,0,2,True,False,0.11175576354628806,False,0.5,True,0.585397775053369,AdaBoost,AdaBoost,True,0.5740190039289843
0,2,2,0,2,0,1,5,0.0,1.0,0,0,0,False,False,0.044928131701381636,False,0.0,False,0.05541087023317071,AdaBoost,AdaBoost,False,0.05496638595002103
8,9,6,0,8,1,2,20,1.0,0.7142857140000001,0,0,1,True,True,0.5383026365379373,False,0.5,True,0.8178377908046,AdaBoost,AdaBoost,True,0.810965819490744
0,9,19,0,2,9,5,146,0.0,0.444444444,0,0,3,False,False,0.12704765457189374,False,0.1,True,0.5257017069580587,AdaBoost,AdaBoost,True,0.5065140468543725
0,8,15,1,6,2,5,969,0.363636364,0.0,0,0,14,True,False,0.4615081905012414,False,0.5,False,0.4762016376618191,AdaBoost,AdaBoost,False,0.47596558155240426
0,5,4,1,3,2,0,51,0.0,0.923076923,1,3,6,False,False,0.4195756658985473,True,0.7,True,0.7657690382723905,Voting,AdaBoost,True,0.7503652522979796
2,9,34,0,2,7,6,345,1.0,0.4,1,3,3,True,True,0.5742152385458351,True,0.9,True,0.7486822208535262,AdaBoost,AdaBoost,True,0.74500042169679
0,5,11,3,0,5,3,55,1.0,0.958333333,1,2,1,True,False,0.1572819069546025,True,0.8,True,0.7302452118775219,AdaBoost,AdaBoost,True,0.7157842621707742
0,10,36,0,0,10,18,242,0.666666667,0.384615385,1,2,1,True,True,0.8507765294680398,True,0.9,True,0.7326697860981757,AdaBoost,AdaBoost,True,0.7360695660626855
0,11,33,26,9,2,11,332,0.666666667,0.566666667,1,5,2,False,True,0.5259348054369057,True,0.6,False,0.4079406975504745,AdaBoost,AdaBoost,False,0.4120963791281715
0,5,2,0,5,0,1,5,0.0,1.0,0,0,0,False,False,0.049700197847135086,False,0.0,False,0.08361603706527768,AdaBoost,AdaBoost,False,0.08242045426014082
0,12,15,11,4,12,5,84,0.4,0.705882353,0,0,1,True,False,0.17543966517153695,True,0.7,True,0.6124838819993366,AdaBoost,AdaBoost,True,0.603743884170687
0,1,8,6,1,0,4,20,0.0,1.0,0,0,0,False,False,0.3849517449761855,False,0.3,False,0.4174198051304857,AdaBoost,AdaBoost,False,0.4161123434851438
0,29,5,0,29,0,1,172,0.0,0.0,0,0,8,True,True,0.8080781017485776,True,0.7,True,0.6341273775820268,AdaBoost,AdaBoost,True,0.6407860103933022
2,14,34,10,3,12,8,455,0.875,0.0,0,0,1,True,True,0.5930521077887095,True,0.7,True,0.7044996500369404,AdaBoost,AdaBoost,True,0.7021928786443665
0,15,2,1,14,1,2,2,0.0,0.0,0,0,1,True,False,0.09223610527196807,True,0.6,False,0.2805960823994161,RandomForest,AdaBoost,False,0.2776838708272589
0,2,10,0,1,2,4,60,1.0,0.0,0,0,2,False,False,0.08111016183803937,False,0.1,False,0.4110012413349676,AdaBoost,AdaBoost,False,0.4009025880509337
0,16,56,104,5,15,10,500,1.0,0.32,1,3,5,True,True,0.9757132603136152,True,1.0,True,0.9625270335886326,AdaBoost,AdaBoost,True,0.9630948678418315
0,10,43,0,4,7,11,382,1.0,0.461538462,2,3,9,True,True,0.7583126955661804,True,0.9,True,0.9284158938750622,AdaBoost,AdaBoost,True,0.9209825119553569
0,25,77,43,23,2,45,1122,0.230769231,0.0,1,1,12,True,True,0.9973467472865026,True,0.7,True,0.7602017622420512,AdaBoost,AdaBoost,True,0.7664089755029077
0,15,36,4,0,15,2,356,1.0,0.0,0,0,1,True,True,0.5478009233879679,True,0.8,True,0.5653867592414046,AdaBoost,AdaBoost,True,0.5664782684880421
0,6,1,0,4,2,1,1,0.0,0.0,0,0,1,True,False,0.060467371911034615,False,0.1,False,0.18023179680098847,AdaBoost,AdaBoost,False,0.17693398992030787
1,9,6,10,6,4,0,8,0.0,0.0,0,0,1,False,False,0.09211737276498444,False,0.1,False,0.05410860690089465,AdaBoost,AdaBoost,False,0.055282235608903725
0,4,12,2,0,4,2,58,0.0,0.7777777779999999,1,2,1,False,False,0.118112279166941,False,0.2,False,0.3166497526900129,AdaBoost,AdaBoost,False,0.31095550822469464
0,4,25,0,1,3,7,447,1.0,0.444444444,1,3,6,True,False,0.16229287627036074,True,0.6,False,0.4749077309516584,RandomForest,AdaBoost,False,0.5612251027157167
0,5,12,2,2,3,2,354,0.0,0.0,0,0,10,True,False,0.06875077484641733,False,0.4,False,0.3269070294138699,AdaBoost,AdaBoost,False,0.31627492748157804
0,5,27,9,2,3,4,186,1.0,0.5,0,0,2,True,False,0.4339285266316825,True,0.8,True,0.6470862344848516,AdaBoost,AdaBoost,True,0.6388883976991931
1,2,16,0,1,1,8,56,1.0,0.681818182,1,2,1,True,False,0.17180205161113496,False,0.2,False,0.332254774586443,AdaBoost,AdaBoost,False,0.32811183319659565
0,4,8,0,1,3,3,43,1.0,0.666666667,0,0,1,True,False,0.08127822582930096,False,0.1,False,0.4091090708698733,AdaBoost,AdaBoost,False,0.39652147506195123
0,4,15,0,1,4,6,102,0.75,0.14285714300000002,0,0,3,True,False,0.1011045129954037,False,0.3,False,0.4615459142946517,AdaBoost,AdaBoost,False,0.45269360689341226
0,9,22,0,8,1,14,286,0.222222222,0.0,0,0,7,True,False,0.4773261854787934,False,0.5,True,0.5155512890015125,AdaBoost,AdaBoost,True,0.5144903639606836
1,4,18,0,1,3,6,162,1.0,0.28571428600000004,2,2,2,True,True,0.6086734637760242,True,0.7,True,0.5213093436374495,AdaBoost,AdaBoost,True,0.5253551791866007
0,4,2,1,2,2,2,2,0.0,0.0,0,0,1,False,False,0.058806122242471365,False,0.0,False,0.053745225196742026,AdaBoost,AdaBoost,False,0.053516867290167386
0,2,25,3,1,1,13,237,0.0,0.0,0,0,1,False,False,0.4415604874707924,False,0.1,False,0.4174929595757103,AdaBoost,AdaBoost,False,0.4168234595197391
0,5,20,5,1,4,5,247,0.0,0.7222222220000001,1,4,16,True,False,0.09605704557533447,False,0.4,False,0.484951596607404,AdaBoost,AdaBoost,False,0.4750271356925495
3,9,18,66,7,2,12,78,0.0,0.0,1,1,4,True,False,0.3507651361303945,True,0.7,True,0.5201700089545721,AdaBoost,AdaBoost,True,0.5172254800753276
0,6,29,38,2,4,11,178,0.6,0.466666667,1,2,1,True,False,0.2244747620141712,True,0.7,True,0.5892746352410789,AdaBoost,AdaBoost,True,0.5733562379277306
0,3,24,0,2,2,12,361,1.0,0.0,0,0,7,True,False,0.1354726464366713,False,0.2,False,0.2915186744955596,AdaBoost,AdaBoost,False,0.2846265864734661
0,3,10,21,3,1,7,54,0.0,0.7142857140000001,1,2,1,False,False,0.14303537832115235,True,0.6,True,0.5106805165459151,Voting,AdaBoost,True,0.49746755231940987
0,24,37,7,9,18,4,276,0.0,0.333333333,0,0,4,False,True,0.8840237263558649,True,0.7,True,0.6577830352428176,AdaBoost,AdaBoost,True,0.6638799779432556
0,6,6,3,3,5,0,22,0.0,0.992366412,1,2,1,True,False,0.4579145553486414,True,0.8,True,0.556473034647426,AdaBoost,AdaBoost,True,0.555831886709932
